timestamp,run_name,optimizer_name,seed,dataset,iter,split,loss,lr,mfu_percent,dt_ms
2025-09-14 16:37:34,ADAM_lr0.0003,ADAM,2,shakespeare_char,0,train_eval,4.270771503448486,9.900990099009901e-06,,
2025-09-14 16:37:34,ADAM_lr0.0003,ADAM,2,shakespeare_char,0,val_eval,4.269772529602051,9.900990099009901e-06,,
2025-09-14 16:39:13,ADAM_lr0.0003,ADAM,2,shakespeare_char,0,train_iter,4.264317989349365,9.900990099009901e-06,,105885.24532318115
2025-09-14 16:39:13,ADAM_lr0.0003,ADAM,2,shakespeare_char,10,train_iter,3.1839122772216797,0.0001089108910891089,4.031242453910588,17.331361770629883
2025-09-14 16:39:13,ADAM_lr0.0003,ADAM,2,shakespeare_char,20,train_iter,2.8240647315979004,0.00020792079207920794,4.031264637418156,17.330408096313477
2025-09-14 16:39:13,ADAM_lr0.0003,ADAM,2,shakespeare_char,30,train_iter,2.6743927001953125,0.00030693069306930693,4.031162623487403,17.33565330505371
2025-09-14 16:39:14,ADAM_lr0.0003,ADAM,2,shakespeare_char,40,train_iter,2.6125240325927734,0.000405940594059406,4.03457075276261,17.186403274536133
2025-09-14 16:39:14,ADAM_lr0.0003,ADAM,2,shakespeare_char,50,train_iter,2.5657246112823486,0.000504950495049505,4.036193862858777,17.247676849365234
2025-09-14 16:39:14,ADAM_lr0.0003,ADAM,2,shakespeare_char,60,train_iter,2.4631385803222656,0.000603960396039604,4.0409172496932975,17.10987091064453
2025-09-14 16:39:14,ADAM_lr0.0003,ADAM,2,shakespeare_char,70,train_iter,2.549952983856201,0.000702970297029703,4.043530460954412,17.178773880004883
2025-09-14 16:39:14,ADAM_lr0.0003,ADAM,2,shakespeare_char,80,train_iter,2.5837106704711914,0.000801980198019802,4.045893640452124,17.17829704284668
2025-09-14 16:39:14,ADAM_lr0.0003,ADAM,2,shakespeare_char,90,train_iter,2.543330669403076,0.0009009900990099009,4.0437365152793365,17.361164093017578
2025-09-14 16:39:30,ADAM_lr0.0003,ADAM,2,shakespeare_char,100,train_iter,2.5065534114837646,0.001,3.6398285212811827,15003.928184509277
2025-09-14 16:39:30,ADAM_lr0.0003,ADAM,2,shakespeare_char,110,train_iter,2.4865798950195312,0.0009999907511312647,4.237872876736933,7.262468338012695
2025-09-14 16:39:30,ADAM_lr0.0003,ADAM,2,shakespeare_char,120,train_iter,2.5343265533447266,0.0009999630049052437,4.220474677390803,17.19212532043457
2025-09-14 16:39:30,ADAM_lr0.0003,ADAM,2,shakespeare_char,130,train_iter,2.5393919944763184,0.0009999167624624755,4.207094575044393,17.096281051635742
2025-09-14 16:39:30,ADAM_lr0.0003,ADAM,2,shakespeare_char,140,train_iter,2.588240146636963,0.000999852025703806,4.192909509163901,17.186403274536133
2025-09-14 16:39:30,ADAM_lr0.0003,ADAM,2,shakespeare_char,150,train_iter,2.45161771774292,0.0009997687972903096,4.181092601522567,17.14634895324707
2025-09-14 16:39:31,ADAM_lr0.0003,ADAM,2,shakespeare_char,160,train_iter,2.4946885108947754,0.0009996670806431804,4.167912396217168,17.254114151000977
2025-09-14 16:39:31,ADAM_lr0.0003,ADAM,2,shakespeare_char,170,train_iter,2.501598596572876,0.0009995468799435915,4.157792228497812,17.180204391479492
2025-09-14 16:39:31,ADAM_lr0.0003,ADAM,2,shakespeare_char,180,train_iter,2.4926071166992188,0.000999408200132523,4.145303686877987,17.324209213256836
2025-09-14 16:39:31,ADAM_lr0.0003,ADAM,2,shakespeare_char,190,train_iter,2.4575185775756836,0.0009992510469105584,4.132394791091061,17.396211624145508
2025-09-14 16:39:47,ADAM_lr0.0003,ADAM,2,shakespeare_char,200,train_iter,2.4571471214294434,0.0009990754267376514,3.719587351748568,16171.409845352173
2025-09-14 16:39:58,ADAM_lr0.001,ADAM,2,shakespeare_char,0,train_eval,4.270771503448486,9.900990099009901e-06,,
2025-09-14 16:39:58,ADAM_lr0.001,ADAM,2,shakespeare_char,0,val_eval,4.269772529602051,9.900990099009901e-06,,
2025-09-14 16:40:19,ADAM_lr0.001,ADAM,2,shakespeare_char,0,train_iter,4.265802383422852,9.900990099009901e-06,,25984.973430633545
2025-09-14 16:40:19,ADAM_lr0.001,ADAM,2,shakespeare_char,10,train_iter,3.180840492248535,0.0001089108910891089,4.045154227490888,17.271757125854492
2025-09-14 16:40:19,ADAM_lr0.001,ADAM,2,shakespeare_char,20,train_iter,2.8175511360168457,0.00020792079207920794,4.048436060102391,17.13275909423828
2025-09-14 16:40:20,ADAM_lr0.001,ADAM,2,shakespeare_char,30,train_iter,2.6700828075408936,0.00030693069306930693,4.048538295650512,17.253398895263672
2025-09-14 16:40:20,ADAM_lr0.001,ADAM,2,shakespeare_char,40,train_iter,2.6062164306640625,0.000405940594059406,4.050762282499706,17.16303825378418
2025-09-14 16:40:20,ADAM_lr0.001,ADAM,2,shakespeare_char,50,train_iter,2.5640673637390137,0.000504950495049505,4.0570843326708195,16.9827938079834
2025-09-14 16:40:20,ADAM_lr0.001,ADAM,2,shakespeare_char,60,train_iter,2.469118118286133,0.000603960396039604,4.060345541994692,17.08364486694336
2025-09-14 16:40:20,ADAM_lr0.001,ADAM,2,shakespeare_char,70,train_iter,2.539034605026245,0.000702970297029703,4.061078023277473,17.176151275634766
2025-09-14 16:40:20,ADAM_lr0.001,ADAM,2,shakespeare_char,80,train_iter,2.5842838287353516,0.000801980198019802,4.084293378577693,16.27373695373535
2025-09-14 16:40:21,ADAM_lr0.001,ADAM,2,shakespeare_char,90,train_iter,2.5553202629089355,0.0009009900990099009,4.086754697770811,17.003774642944336
2025-09-14 16:41:34,ADAM_lr0.001,ADAM,2,shakespeare_char,100,train_iter,2.5113420486450195,0.001,3.6781741629228835,73594.53678131104
2025-09-14 16:41:34,ADAM_lr0.001,ADAM,2,shakespeare_char,110,train_iter,2.487860918045044,0.0009999907511312647,4.277687266542532,7.222652435302734
2025-09-14 16:41:34,ADAM_lr0.001,ADAM,2,shakespeare_char,120,train_iter,2.5281434059143066,0.0009999630049052437,4.815782441345505,7.233619689941406
2025-09-14 16:41:35,ADAM_lr0.001,ADAM,2,shakespeare_char,130,train_iter,2.5350289344787598,0.0009999167624624755,5.310558924012188,7.155895233154297
2025-09-14 16:41:35,ADAM_lr0.001,ADAM,2,shakespeare_char,140,train_iter,2.594521999359131,0.000999852025703806,5.751356935707154,7.189035415649414
2025-09-14 16:41:35,ADAM_lr0.001,ADAM,2,shakespeare_char,150,train_iter,2.4626071453094482,0.0009997687972903096,6.14755972767498,7.192850112915039
2025-09-14 16:41:35,ADAM_lr0.001,ADAM,2,shakespeare_char,160,train_iter,2.5048482418060303,0.0009996670806431804,6.5092886189598715,7.154941558837891
2025-09-14 16:41:35,ADAM_lr0.001,ADAM,2,shakespeare_char,170,train_iter,2.5129780769348145,0.0009995468799435915,6.83526780687594,7.15184211730957
2025-09-14 16:41:35,ADAM_lr0.001,ADAM,2,shakespeare_char,180,train_iter,2.4989421367645264,0.000999408200132523,7.119167349855846,7.22193717956543
2025-09-14 16:41:35,ADAM_lr0.001,ADAM,2,shakespeare_char,190,train_iter,2.4618873596191406,0.0009992510469105584,7.379362433421006,7.187128067016602
2025-09-14 16:42:52,ADAM_lr0.001,ADAM,2,shakespeare_char,200,train_iter,2.4591424465179443,0.0009990754267376514,6.641516500216606,77363.32058906555
2025-09-14 16:42:59,ADAMW_lr0.0003,ADAMW,2,shakespeare_char,0,train_eval,4.270771503448486,9.900990099009901e-06,,
2025-09-14 16:42:59,ADAMW_lr0.0003,ADAMW,2,shakespeare_char,0,val_eval,4.269772529602051,9.900990099009901e-06,,
2025-09-14 16:45:01,ADAMW_lr0.0003,ADAMW,2,shakespeare_char,0,train_iter,4.265802383422852,9.900990099009901e-06,,123311.80620193481
2025-09-14 16:45:01,ADAMW_lr0.0003,ADAMW,2,shakespeare_char,10,train_iter,3.1808202266693115,0.0001089108910891089,9.54195915802554,7.322072982788086
2025-09-14 16:45:01,ADAMW_lr0.0003,ADAMW,2,shakespeare_char,20,train_iter,2.8174808025360107,0.00020792079207920794,9.550485761695118,7.257223129272461
2025-09-14 16:45:01,ADAMW_lr0.0003,ADAMW,2,shakespeare_char,30,train_iter,2.6701912879943848,0.00030693069306930693,9.557685519741547,7.260799407958984
2025-09-14 16:45:01,ADAMW_lr0.0003,ADAMW,2,shakespeare_char,40,train_iter,2.6062686443328857,0.000405940594059406,9.566096573933688,7.246255874633789
2025-09-14 16:45:01,ADAMW_lr0.0003,ADAMW,2,shakespeare_char,50,train_iter,2.564115047454834,0.000504950495049505,9.57630680338335,7.226467132568359
2025-09-14 16:45:01,ADAMW_lr0.0003,ADAMW,2,shakespeare_char,60,train_iter,2.46897554397583,0.000603960396039604,9.58250689433209,7.248878479003906
2025-09-14 16:45:01,ADAMW_lr0.0003,ADAMW,2,shakespeare_char,70,train_iter,2.53902530670166,0.000702970297029703,9.595272831368023,7.195234298706055
2025-09-14 16:45:01,ADAMW_lr0.0003,ADAMW,2,shakespeare_char,80,train_iter,2.5842339992523193,0.000801980198019802,9.6103143988818,7.169008255004883
2025-09-14 16:45:01,ADAMW_lr0.0003,ADAMW,2,shakespeare_char,90,train_iter,2.555375576019287,0.0009009900990099009,9.617700367130178,7.214546203613281
2025-09-14 16:45:17,ADAMW_lr0.0003,ADAMW,2,shakespeare_char,100,train_iter,2.511322498321533,0.001,8.656381518859305,15485.086679458618
2025-09-14 16:45:17,ADAMW_lr0.0003,ADAMW,2,shakespeare_char,110,train_iter,2.487767219543457,0.0009999907511312647,8.755557865712788,7.241487503051758
2025-09-14 16:45:17,ADAMW_lr0.0003,ADAMW,2,shakespeare_char,120,train_iter,2.5282201766967773,0.0009999630049052437,8.29867695763239,16.687631607055664
2025-09-14 16:45:17,ADAMW_lr0.0003,ADAMW,2,shakespeare_char,130,train_iter,2.5348329544067383,0.0009999167624624755,7.874618694791827,17.21668243408203
2025-09-14 16:45:18,ADAMW_lr0.0003,ADAMW,2,shakespeare_char,140,train_iter,2.5944154262542725,0.000999852025703806,7.494755556381735,17.141103744506836
2025-09-14 16:45:18,ADAMW_lr0.0003,ADAMW,2,shakespeare_char,150,train_iter,2.4627413749694824,0.0009997687972903096,7.154318145549851,17.08078384399414
2025-09-14 16:45:18,ADAMW_lr0.0003,ADAMW,2,shakespeare_char,160,train_iter,2.5046546459198,0.0009996670806431804,6.848192997245474,17.069578170776367
2025-09-14 16:45:18,ADAMW_lr0.0003,ADAMW,2,shakespeare_char,170,train_iter,2.5131845474243164,0.0009995468799435915,6.574011013359839,17.014265060424805
2025-09-14 16:45:18,ADAMW_lr0.0003,ADAMW,2,shakespeare_char,180,train_iter,2.498866558074951,0.000999408200132523,6.321992697136353,17.23480224609375
2025-09-14 16:45:18,ADAMW_lr0.0003,ADAMW,2,shakespeare_char,190,train_iter,2.46121883392334,0.0009992510469105584,6.090925614164199,17.417430877685547
2025-09-14 16:45:39,ADAMW_lr0.0003,ADAMW,2,shakespeare_char,200,train_iter,2.4590485095977783,0.0009990754267376514,5.482169714398851,20752.860069274902
2025-09-14 16:45:46,ADAMW_lr0.001,ADAMW,2,shakespeare_char,0,train_eval,4.270771503448486,9.900990099009901e-06,,
2025-09-14 16:45:46,ADAMW_lr0.001,ADAMW,2,shakespeare_char,0,val_eval,4.269772529602051,9.900990099009901e-06,,
2025-09-14 16:46:29,ADAMW_lr0.001,ADAMW,2,shakespeare_char,0,train_iter,4.265802383422852,9.900990099009901e-06,,44854.275703430176
2025-09-14 16:46:29,ADAMW_lr0.001,ADAMW,2,shakespeare_char,10,train_iter,3.180851697921753,0.0001089108910891089,4.874627515172706,14.332771301269531
2025-09-14 16:46:30,ADAMW_lr0.001,ADAMW,2,shakespeare_char,20,train_iter,2.8174915313720703,0.00020792079207920794,4.791456953137276,17.281293869018555
2025-09-14 16:46:30,ADAMW_lr0.001,ADAMW,2,shakespeare_char,30,train_iter,2.670135021209717,0.00030693069306930693,4.714616426206907,17.366647720336914
2025-09-14 16:46:30,ADAMW_lr0.001,ADAMW,2,shakespeare_char,40,train_iter,2.6060750484466553,0.000405940594059406,4.648375005252107,17.241716384887695
2025-09-14 16:46:30,ADAMW_lr0.001,ADAMW,2,shakespeare_char,50,train_iter,2.5638692378997803,0.000504950495049505,4.586878143510889,17.322063446044922
2025-09-14 16:46:30,ADAMW_lr0.001,ADAMW,2,shakespeare_char,60,train_iter,2.4691624641418457,0.000603960396039604,4.532633174061703,17.274856567382812
2025-09-14 16:46:30,ADAMW_lr0.001,ADAMW,2,shakespeare_char,70,train_iter,2.5389437675476074,0.000702970297029703,4.482988262944611,17.310142517089844
2025-09-14 16:46:31,ADAMW_lr0.001,ADAMW,2,shakespeare_char,80,train_iter,2.5841598510742188,0.000801980198019802,4.440549453134398,17.214536666870117
2025-09-14 16:46:31,ADAMW_lr0.001,ADAMW,2,shakespeare_char,90,train_iter,2.555326461791992,0.0009009900990099009,4.399602117183403,17.332077026367188
2025-09-14 16:47:54,ADAMW_lr0.001,ADAMW,2,shakespeare_char,100,train_iter,2.5113847255706787,0.001,3.95972644108742,82647.90558815002
2025-09-14 16:47:54,ADAMW_lr0.001,ADAMW,2,shakespeare_char,110,train_iter,2.48795223236084,0.0009999907511312647,4.5131580207268875,7.359027862548828
2025-09-14 16:47:54,ADAMW_lr0.001,ADAMW,2,shakespeare_char,120,train_iter,2.5281972885131836,0.0009999630049052437,5.01862394681837,7.302284240722656
2025-09-14 16:47:54,ADAMW_lr0.001,ADAMW,2,shakespeare_char,130,train_iter,2.5350496768951416,0.0009999167624624755,5.481385495327956,7.242918014526367
2025-09-14 16:47:54,ADAMW_lr0.001,ADAMW,2,shakespeare_char,140,train_iter,2.594421625137329,0.000999852025703806,5.84547178610808,7.658958435058594
2025-09-14 16:47:54,ADAMW_lr0.001,ADAMW,2,shakespeare_char,150,train_iter,2.4628634452819824,0.0009997687972903096,6.222478314355529,7.266044616699219
2025-09-14 16:47:54,ADAMW_lr0.001,ADAMW,2,shakespeare_char,160,train_iter,2.504366159439087,0.0009996670806431804,6.565871593086128,7.235288619995117
2025-09-14 16:47:54,ADAMW_lr0.001,ADAMW,2,shakespeare_char,170,train_iter,2.5133800506591797,0.0009995468799435915,6.874480269560666,7.238626480102539
2025-09-14 16:47:54,ADAMW_lr0.001,ADAMW,2,shakespeare_char,180,train_iter,2.4988725185394287,0.000999408200132523,7.151021543904387,7.247686386108398
2025-09-14 16:47:54,ADAMW_lr0.001,ADAMW,2,shakespeare_char,190,train_iter,2.4616940021514893,0.0009992510469105584,7.3422195927121985,7.709026336669922
2025-09-14 16:49:15,ADAMW_lr0.001,ADAMW,2,shakespeare_char,200,train_iter,2.4595980644226074,0.0009990754267376514,6.608084703235718,80242.43259429932
2025-09-14 16:49:22,SGD_lr0.0003_m0.0,SGD,2,shakespeare_char,0,train_eval,4.270771503448486,9.900990099009901e-06,,
2025-09-14 16:49:22,SGD_lr0.0003_m0.0,SGD,2,shakespeare_char,0,val_eval,4.269772529602051,9.900990099009901e-06,,
2025-09-14 16:50:05,SGD_lr0.0003_m0.0,SGD,2,shakespeare_char,0,train_iter,4.265802383422852,9.900990099009901e-06,,45798.61831665039
2025-09-14 16:50:06,SGD_lr0.0003_m0.0,SGD,2,shakespeare_char,10,train_iter,4.260556221008301,0.0001089108910891089,4.435007305366967,15.753507614135742
2025-09-14 16:50:06,SGD_lr0.0003_m0.0,SGD,2,shakespeare_char,20,train_iter,4.2437849044799805,0.00020792079207920794,4.434625046526457,15.767097473144531
2025-09-14 16:50:06,SGD_lr0.0003_m0.0,SGD,2,shakespeare_char,30,train_iter,4.230585098266602,0.00030693069306930693,4.432392847831988,15.834569931030273
2025-09-14 16:50:06,SGD_lr0.0003_m0.0,SGD,2,shakespeare_char,40,train_iter,4.181382179260254,0.000405940594059406,4.429422655149334,15.869140625
2025-09-14 16:50:06,SGD_lr0.0003_m0.0,SGD,2,shakespeare_char,50,train_iter,4.174772262573242,0.000504950495049505,4.426809021363634,15.866994857788086
2025-09-14 16:50:06,SGD_lr0.0003_m0.0,SGD,2,shakespeare_char,60,train_iter,4.097476482391357,0.000603960396039604,4.430588359186627,15.649080276489258
2025-09-14 16:50:07,SGD_lr0.0003_m0.0,SGD,2,shakespeare_char,70,train_iter,4.071535110473633,0.000702970297029703,4.437472110597914,15.527963638305664
2025-09-14 16:50:07,SGD_lr0.0003_m0.0,SGD,2,shakespeare_char,80,train_iter,3.9994215965270996,0.000801980198019802,4.439641645132294,15.668153762817383
2025-09-14 16:50:07,SGD_lr0.0003_m0.0,SGD,2,shakespeare_char,90,train_iter,3.9404220581054688,0.0009009900990099009,4.444112180536617,15.580177307128906
2025-09-14 16:51:31,SGD_lr0.0003_m0.0,SGD,2,shakespeare_char,100,train_iter,3.8845958709716797,0.001,3.9997836717540336,84472.90182113647
2025-09-14 16:51:32,SGD_lr0.0003_m0.0,SGD,2,shakespeare_char,110,train_iter,3.8378522396087646,0.0009999907511312647,4.712303340728063,6.280183792114258
2025-09-14 16:51:32,SGD_lr0.0003_m0.0,SGD,2,shakespeare_char,120,train_iter,3.738396406173706,0.0009999630049052437,5.294540698002715,6.632089614868164
2025-09-14 16:51:32,SGD_lr0.0003_m0.0,SGD,2,shakespeare_char,130,train_iter,3.7089431285858154,0.0009999167624624755,5.812005665400552,6.673574447631836
2025-09-14 16:51:32,SGD_lr0.0003_m0.0,SGD,2,shakespeare_char,140,train_iter,3.671635389328003,0.000999852025703806,6.2855240295476635,6.6242218017578125
2025-09-14 16:51:32,SGD_lr0.0003_m0.0,SGD,2,shakespeare_char,150,train_iter,3.6116397380828857,0.0009997687972903096,6.70306846628205,6.67881965637207
2025-09-14 16:51:32,SGD_lr0.0003_m0.0,SGD,2,shakespeare_char,160,train_iter,3.617341995239258,0.0009996670806431804,7.07837322210201,6.681919097900391
2025-09-14 16:51:32,SGD_lr0.0003_m0.0,SGD,2,shakespeare_char,170,train_iter,3.56003737449646,0.0009995468799435915,7.42158538772267,6.647348403930664
2025-09-14 16:51:32,SGD_lr0.0003_m0.0,SGD,2,shakespeare_char,180,train_iter,3.501002788543701,0.000999408200132523,7.7180343545400625,6.726980209350586
2025-09-14 16:51:32,SGD_lr0.0003_m0.0,SGD,2,shakespeare_char,190,train_iter,3.50180721282959,0.0009992510469105584,7.98957163793151,6.696462631225586
2025-09-14 16:53:07,SGD_lr0.0003_m0.0,SGD,2,shakespeare_char,200,train_iter,3.46185302734375,0.0009990754267376514,7.190687950982394,95086.9927406311
2025-09-14 16:53:16,SGD_lr0.0003_m0.9,SGD,2,shakespeare_char,0,train_eval,4.270771503448486,9.900990099009901e-06,,
2025-09-14 16:53:16,SGD_lr0.0003_m0.9,SGD,2,shakespeare_char,0,val_eval,4.269772529602051,9.900990099009901e-06,,
2025-09-14 16:53:37,SGD_lr0.0003_m0.9,SGD,2,shakespeare_char,0,train_iter,4.265802383422852,9.900990099009901e-06,,22383.19182395935
2025-09-14 16:53:37,SGD_lr0.0003_m0.9,SGD,2,shakespeare_char,10,train_iter,4.240842819213867,0.0001089108910891089,4.344146755742508,16.0830020904541
2025-09-14 16:53:37,SGD_lr0.0003_m0.9,SGD,2,shakespeare_char,20,train_iter,4.134969234466553,0.00020792079207920794,4.342382980336748,16.14856719970703
2025-09-14 16:53:37,SGD_lr0.0003_m0.9,SGD,2,shakespeare_char,30,train_iter,3.9689135551452637,0.00030693069306930693,4.3431397209750084,16.06154441833496
2025-09-14 16:53:37,SGD_lr0.0003_m0.9,SGD,2,shakespeare_char,40,train_iter,3.7558460235595703,0.000405940594059406,4.342020284780242,16.1283016204834
2025-09-14 16:53:37,SGD_lr0.0003_m0.9,SGD,2,shakespeare_char,50,train_iter,3.641465902328491,0.000504950495049505,4.342684191426384,16.066312789916992
2025-09-14 16:53:38,SGD_lr0.0003_m0.9,SGD,2,shakespeare_char,60,train_iter,3.3963623046875,0.000603960396039604,4.3453435745502516,15.990495681762695
2025-09-14 16:53:38,SGD_lr0.0003_m0.9,SGD,2,shakespeare_char,70,train_iter,3.4059224128723145,0.000702970297029703,4.342510440857579,16.184091567993164
2025-09-14 16:53:38,SGD_lr0.0003_m0.9,SGD,2,shakespeare_char,80,train_iter,3.3240251541137695,0.000801980198019802,4.342268738747713,16.0980224609375
2025-09-14 16:53:38,SGD_lr0.0003_m0.9,SGD,2,shakespeare_char,90,train_iter,3.275216579437256,0.0009009900990099009,4.34011863598279,16.170024871826172
2025-09-14 16:53:55,SGD_lr0.0003_m0.9,SGD,2,shakespeare_char,100,train_iter,3.187795639038086,0.001,3.90651254240472,17218.35470199585
2025-09-14 16:53:56,SGD_lr0.0003_m0.9,SGD,2,shakespeare_char,110,train_iter,3.1311709880828857,0.0009999907511312647,4.527785414349967,6.904363632202148
2025-09-14 16:53:56,SGD_lr0.0003_m0.9,SGD,2,shakespeare_char,120,train_iter,3.019927501678467,0.0009999630049052437,4.494148842023348,16.669034957885742
2025-09-14 16:53:56,SGD_lr0.0003_m0.9,SGD,2,shakespeare_char,130,train_iter,2.9927051067352295,0.0009999167624624755,4.474933182258199,16.240596771240234
2025-09-14 16:53:56,SGD_lr0.0003_m0.9,SGD,2,shakespeare_char,140,train_iter,2.985900402069092,0.000999852025703806,4.460544765973117,16.13163948059082
2025-09-14 16:53:56,SGD_lr0.0003_m0.9,SGD,2,shakespeare_char,150,train_iter,2.8703603744506836,0.0009997687972903096,4.447141189544297,16.14856719970703
2025-09-14 16:53:56,SGD_lr0.0003_m0.9,SGD,2,shakespeare_char,160,train_iter,2.8939948081970215,0.0009996670806431804,4.436899712776621,16.080856323242188
2025-09-14 16:53:57,SGD_lr0.0003_m0.9,SGD,2,shakespeare_char,170,train_iter,2.822114944458008,0.0009995468799435915,4.429597500169025,16.010284423828125
2025-09-14 16:53:57,SGD_lr0.0003_m0.9,SGD,2,shakespeare_char,180,train_iter,2.7980575561523438,0.000999408200132523,4.4222859345277685,16.037464141845703
2025-09-14 16:53:57,SGD_lr0.0003_m0.9,SGD,2,shakespeare_char,190,train_iter,2.7846779823303223,0.0009992510469105584,4.414871656235052,16.068220138549805
2025-09-14 16:54:01,SGD_lr0.0003_m0.9,SGD,2,shakespeare_char,200,train_iter,2.7473955154418945,0.0009990754267376514,3.975168795107345,3915.6389236450195
2025-09-14 16:54:08,SGD_lr0.0003_m0.95,SGD,2,shakespeare_char,0,train_eval,4.270771503448486,9.900990099009901e-06,,
2025-09-14 16:54:08,SGD_lr0.0003_m0.95,SGD,2,shakespeare_char,0,val_eval,4.269772529602051,9.900990099009901e-06,,
2025-09-14 16:54:52,SGD_lr0.0003_m0.95,SGD,2,shakespeare_char,0,train_iter,4.265802383422852,9.900990099009901e-06,,45576.168060302734
2025-09-14 16:54:52,SGD_lr0.0003_m0.95,SGD,2,shakespeare_char,10,train_iter,4.2367048263549805,0.0001089108910891089,4.31739385196497,16.182661056518555
2025-09-14 16:54:52,SGD_lr0.0003_m0.95,SGD,2,shakespeare_char,20,train_iter,4.094943523406982,0.00020792079207920794,4.474768729483071,11.859655380249023
2025-09-14 16:54:52,SGD_lr0.0003_m0.95,SGD,2,shakespeare_char,30,train_iter,3.8657846450805664,0.00030693069306930693,4.4622094238808545,16.06440544128418
2025-09-14 16:54:52,SGD_lr0.0003_m0.95,SGD,2,shakespeare_char,40,train_iter,3.625075101852417,0.000405940594059406,4.449959259714672,16.09945297241211
2025-09-14 16:54:52,SGD_lr0.0003_m0.95,SGD,2,shakespeare_char,50,train_iter,3.5172030925750732,0.000504950495049505,4.440081091808956,16.05701446533203
2025-09-14 16:54:53,SGD_lr0.0003_m0.95,SGD,2,shakespeare_char,60,train_iter,3.2818191051483154,0.000603960396039604,4.431922031043502,16.030073165893555
2025-09-14 16:54:53,SGD_lr0.0003_m0.95,SGD,2,shakespeare_char,70,train_iter,3.332594633102417,0.000702970297029703,4.424183803958711,16.04461669921875
2025-09-14 16:54:53,SGD_lr0.0003_m0.95,SGD,2,shakespeare_char,80,train_iter,3.2529170513153076,0.000801980198019802,4.415620551630652,16.103744506835938
2025-09-14 16:54:53,SGD_lr0.0003_m0.95,SGD,2,shakespeare_char,90,train_iter,3.182046413421631,0.0009009900990099009,4.408254326581412,16.091108322143555
2025-09-14 16:56:41,SGD_lr0.0003_m0.95,SGD,2,shakespeare_char,100,train_iter,3.0560545921325684,0.001,3.9674934790070457,108178.1075000763
2025-09-14 16:56:41,SGD_lr0.0003_m0.95,SGD,2,shakespeare_char,110,train_iter,2.986682415008545,0.0009999907511312647,4.61382488750316,6.698131561279297
2025-09-14 16:56:41,SGD_lr0.0003_m0.95,SGD,2,shakespeare_char,120,train_iter,2.885974884033203,0.0009999630049052437,5.085670982881128,7.486581802368164
2025-09-14 16:56:42,SGD_lr0.0003_m0.95,SGD,2,shakespeare_char,130,train_iter,2.861962080001831,0.0009999167624624755,5.616153303811264,6.724119186401367
2025-09-14 16:56:42,SGD_lr0.0003_m0.95,SGD,2,shakespeare_char,140,train_iter,2.8602819442749023,0.000999852025703806,6.108991241402224,6.625890731811523
2025-09-14 16:56:42,SGD_lr0.0003_m0.95,SGD,2,shakespeare_char,150,train_iter,2.7379634380340576,0.0009997687972903096,6.529897714607596,6.771326065063477
2025-09-14 16:56:42,SGD_lr0.0003_m0.95,SGD,2,shakespeare_char,160,train_iter,2.7584006786346436,0.0009996670806431804,6.905779187097832,6.790637969970703
2025-09-14 16:56:42,SGD_lr0.0003_m0.95,SGD,2,shakespeare_char,170,train_iter,2.7120110988616943,0.0009995468799435915,7.25568950763717,6.714820861816406
2025-09-14 16:56:42,SGD_lr0.0003_m0.95,SGD,2,shakespeare_char,180,train_iter,2.685886859893799,0.000999408200132523,7.566597434821045,6.740808486938477
2025-09-14 16:56:42,SGD_lr0.0003_m0.95,SGD,2,shakespeare_char,190,train_iter,2.6694846153259277,0.0009992510469105584,7.8435265305817525,6.7596435546875
2025-09-14 16:57:41,SGD_lr0.0003_m0.95,SGD,2,shakespeare_char,200,train_iter,2.6392083168029785,0.0009990754267376514,7.059291841078662,59227.548122406006
2025-09-14 16:57:48,SGD_lr0.001_m0.0,SGD,2,shakespeare_char,0,train_eval,4.270771503448486,9.900990099009901e-06,,
2025-09-14 16:57:48,SGD_lr0.001_m0.0,SGD,2,shakespeare_char,0,val_eval,4.269772529602051,9.900990099009901e-06,,
2025-09-14 16:58:07,SGD_lr0.001_m0.0,SGD,2,shakespeare_char,0,train_iter,4.265802383422852,9.900990099009901e-06,,20949.925899505615
2025-09-14 16:58:07,SGD_lr0.001_m0.0,SGD,2,shakespeare_char,10,train_iter,4.260556221008301,0.0001089108910891089,4.219057945234063,16.559839248657227
2025-09-14 16:58:08,SGD_lr0.001_m0.0,SGD,2,shakespeare_char,20,train_iter,4.2437849044799805,0.00020792079207920794,4.216402058005851,16.664743423461914
2025-09-14 16:58:08,SGD_lr0.001_m0.0,SGD,2,shakespeare_char,30,train_iter,4.230585098266602,0.00030693069306930693,4.224122751975412,16.272306442260742
2025-09-14 16:58:08,SGD_lr0.001_m0.0,SGD,2,shakespeare_char,40,train_iter,4.181415557861328,0.000405940594059406,4.219770148802127,16.712188720703125
2025-09-14 16:58:08,SGD_lr0.001_m0.0,SGD,2,shakespeare_char,50,train_iter,4.174802303314209,0.000504950495049505,4.223938478572064,16.395092010498047
2025-09-14 16:58:08,SGD_lr0.001_m0.0,SGD,2,shakespeare_char,60,train_iter,4.097434043884277,0.000603960396039604,4.217078942989215,16.81375503540039
2025-09-14 16:58:08,SGD_lr0.001_m0.0,SGD,2,shakespeare_char,70,train_iter,4.0716400146484375,0.000702970297029703,4.219241892260298,16.483068466186523
2025-09-14 16:58:09,SGD_lr0.001_m0.0,SGD,2,shakespeare_char,80,train_iter,3.999479293823242,0.000801980198019802,4.225649366707618,16.3114070892334
2025-09-14 16:58:09,SGD_lr0.001_m0.0,SGD,2,shakespeare_char,90,train_iter,3.940410614013672,0.0009009900990099009,4.229676428904475,16.377925872802734
2025-09-14 16:59:05,SGD_lr0.001_m0.0,SGD,2,shakespeare_char,100,train_iter,3.8845157623291016,0.001,3.8068323952864027,56522.39513397217
2025-09-14 16:59:06,SGD_lr0.001_m0.0,SGD,2,shakespeare_char,110,train_iter,3.8378093242645264,0.0009999907511312647,4.457047304291225,6.777286529541016
2025-09-14 16:59:06,SGD_lr0.001_m0.0,SGD,2,shakespeare_char,120,train_iter,3.7384414672851562,0.0009999630049052437,4.98665745005901,7.163524627685547
2025-09-14 16:59:06,SGD_lr0.001_m0.0,SGD,2,shakespeare_char,130,train_iter,3.708918333053589,0.0009999167624624755,5.078613898906145,11.829376220703125
2025-09-14 16:59:06,SGD_lr0.001_m0.0,SGD,2,shakespeare_char,140,train_iter,3.6716248989105225,0.000999852025703806,5.619057251457121,6.664752960205078
2025-09-14 16:59:06,SGD_lr0.001_m0.0,SGD,2,shakespeare_char,150,train_iter,3.611560583114624,0.0009997687972903096,6.121253736639025,6.56580924987793
2025-09-14 16:59:06,SGD_lr0.001_m0.0,SGD,2,shakespeare_char,160,train_iter,3.617356061935425,0.0009996670806431804,6.570494200360572,6.582736968994141
2025-09-14 16:59:06,SGD_lr0.001_m0.0,SGD,2,shakespeare_char,170,train_iter,3.5601003170013428,0.0009995468799435915,6.275110304603292,19.318103790283203
2025-09-14 16:59:06,SGD_lr0.001_m0.0,SGD,2,shakespeare_char,180,train_iter,3.501018524169922,0.000999408200132523,6.695716544796857,6.665945053100586
2025-09-14 16:59:06,SGD_lr0.001_m0.0,SGD,2,shakespeare_char,190,train_iter,3.501819133758545,0.0009992510469105584,7.077684676818258,6.644248962402344
2025-09-14 17:00:47,SGD_lr0.001_m0.0,SGD,2,shakespeare_char,200,train_iter,3.4619357585906982,0.0009990754267376514,6.369985413784962,100956.97736740112
2025-09-14 17:00:55,SGD_lr0.001_m0.9,SGD,2,shakespeare_char,0,train_eval,4.270771503448486,9.900990099009901e-06,,
2025-09-14 17:00:55,SGD_lr0.001_m0.9,SGD,2,shakespeare_char,0,val_eval,4.269772529602051,9.900990099009901e-06,,
2025-09-14 17:02:53,SGD_lr0.001_m0.9,SGD,2,shakespeare_char,0,train_iter,4.265802383422852,9.900990099009901e-06,,120182.95526504517
2025-09-14 17:02:53,SGD_lr0.001_m0.9,SGD,2,shakespeare_char,10,train_iter,4.240842819213867,0.0001089108910891089,4.298269323996689,16.254663467407227
2025-09-14 17:02:53,SGD_lr0.001_m0.9,SGD,2,shakespeare_char,20,train_iter,4.135017395019531,0.00020792079207920794,4.303844607961757,16.046524047851562
2025-09-14 17:02:53,SGD_lr0.001_m0.9,SGD,2,shakespeare_char,30,train_iter,3.9689602851867676,0.00030693069306930693,4.3025004500880755,16.284465789794922
2025-09-14 17:02:53,SGD_lr0.001_m0.9,SGD,2,shakespeare_char,40,train_iter,3.7557597160339355,0.000405940594059406,4.3037672769716595,16.19100570678711
2025-09-14 17:02:53,SGD_lr0.001_m0.9,SGD,2,shakespeare_char,50,train_iter,3.6414763927459717,0.000504950495049505,4.305594772899346,16.16525650024414
2025-09-14 17:02:54,SGD_lr0.001_m0.9,SGD,2,shakespeare_char,60,train_iter,3.396304130554199,0.000603960396039604,4.3118784244697945,15.993595123291016
2025-09-14 17:02:54,SGD_lr0.001_m0.9,SGD,2,shakespeare_char,70,train_iter,3.405895948410034,0.000702970297029703,4.313750680890999,16.13330841064453
2025-09-14 17:02:54,SGD_lr0.001_m0.9,SGD,2,shakespeare_char,80,train_iter,3.324099540710449,0.000801980198019802,4.313289674565185,16.213655471801758
2025-09-14 17:02:54,SGD_lr0.001_m0.9,SGD,2,shakespeare_char,90,train_iter,3.27506685256958,0.0009009900990099009,4.310712254633279,16.295433044433594
2025-09-14 17:03:15,SGD_lr0.001_m0.9,SGD,2,shakespeare_char,100,train_iter,3.187730312347412,0.001,3.879970767338075,21188.606023788452
2025-09-14 17:03:16,SGD_lr0.001_m0.9,SGD,2,shakespeare_char,110,train_iter,3.131211757659912,0.0009999907511312647,4.1574967368027655,10.498046875
2025-09-14 17:03:16,SGD_lr0.001_m0.9,SGD,2,shakespeare_char,120,train_iter,3.0198371410369873,0.0009999630049052437,4.174922388624518,16.129016876220703
2025-09-14 17:03:16,SGD_lr0.001_m0.9,SGD,2,shakespeare_char,130,train_iter,2.9926905632019043,0.0009999167624624755,4.193668493940886,16.01576805114746
2025-09-14 17:03:16,SGD_lr0.001_m0.9,SGD,2,shakespeare_char,140,train_iter,2.985823631286621,0.000999852025703806,4.2088709321391065,16.077280044555664
2025-09-14 17:03:16,SGD_lr0.001_m0.9,SGD,2,shakespeare_char,150,train_iter,2.8702504634857178,0.0009997687972903096,4.222301937843447,16.086578369140625
2025-09-14 17:03:16,SGD_lr0.001_m0.9,SGD,2,shakespeare_char,160,train_iter,2.894049644470215,0.0009996670806431804,4.2350215877705075,16.063213348388672
2025-09-14 17:03:17,SGD_lr0.001_m0.9,SGD,2,shakespeare_char,170,train_iter,2.822171926498413,0.0009995468799435915,4.243666289682907,16.167402267456055
2025-09-14 17:03:17,SGD_lr0.001_m0.9,SGD,2,shakespeare_char,180,train_iter,2.798097610473633,0.000999408200132523,4.251810077372116,16.153812408447266
2025-09-14 17:03:17,SGD_lr0.001_m0.9,SGD,2,shakespeare_char,190,train_iter,2.784726619720459,0.0009992510469105584,4.260272332434559,16.11161231994629
2025-09-14 17:03:56,SGD_lr0.001_m0.9,SGD,2,shakespeare_char,200,train_iter,2.747313976287842,0.0009990754267376514,3.8344251011121737,38814.542055130005
2025-09-14 17:04:03,SGD_lr0.001_m0.95,SGD,2,shakespeare_char,0,train_eval,4.270771503448486,9.900990099009901e-06,,
2025-09-14 17:04:03,SGD_lr0.001_m0.95,SGD,2,shakespeare_char,0,val_eval,4.269772529602051,9.900990099009901e-06,,
2025-09-14 17:04:57,SGD_lr0.001_m0.95,SGD,2,shakespeare_char,0,train_iter,4.265802383422852,9.900990099009901e-06,,56524.82199668884
2025-09-14 17:04:57,SGD_lr0.001_m0.95,SGD,2,shakespeare_char,10,train_iter,4.236733436584473,0.0001089108910891089,10.199544314577368,6.850004196166992
2025-09-14 17:04:58,SGD_lr0.001_m0.95,SGD,2,shakespeare_char,20,train_iter,4.094982147216797,0.00020792079207920794,10.217902988395904,6.728887557983398
2025-09-14 17:04:58,SGD_lr0.001_m0.95,SGD,2,shakespeare_char,30,train_iter,3.86574649810791,0.00030693069306930693,10.223613067193488,6.7996978759765625
2025-09-14 17:04:58,SGD_lr0.001_m0.95,SGD,2,shakespeare_char,40,train_iter,3.625098705291748,0.000405940594059406,10.223305009993261,6.8359375
2025-09-14 17:04:58,SGD_lr0.001_m0.95,SGD,2,shakespeare_char,50,train_iter,3.5172126293182373,0.000504950495049505,10.226317782969172,6.814002990722656
2025-09-14 17:04:58,SGD_lr0.001_m0.95,SGD,2,shakespeare_char,60,train_iter,3.2817344665527344,0.000603960396039604,10.229316369022396,6.812095642089844
2025-09-14 17:04:58,SGD_lr0.001_m0.95,SGD,2,shakespeare_char,70,train_iter,3.3326613903045654,0.000702970297029703,10.236666726642964,6.781339645385742
2025-09-14 17:04:58,SGD_lr0.001_m0.95,SGD,2,shakespeare_char,80,train_iter,3.252919912338257,0.000801980198019802,10.234127337071993,6.842136383056641
2025-09-14 17:04:58,SGD_lr0.001_m0.95,SGD,2,shakespeare_char,90,train_iter,3.181901454925537,0.0009009900990099009,10.240743101439037,6.783008575439453
2025-09-14 17:06:58,SGD_lr0.001_m0.95,SGD,2,shakespeare_char,100,train_iter,3.0560948848724365,0.001,9.216727039054332,119947.8268623352
2025-09-14 17:06:58,SGD_lr0.001_m0.95,SGD,2,shakespeare_char,110,train_iter,2.9866206645965576,0.0009999907511312647,9.31419291657104,6.855487823486328
2025-09-14 17:06:58,SGD_lr0.001_m0.95,SGD,2,shakespeare_char,120,train_iter,2.8861236572265625,0.0009999630049052437,9.412295504137244,6.786346435546875
2025-09-14 17:06:58,SGD_lr0.001_m0.95,SGD,2,shakespeare_char,130,train_iter,2.8620052337646484,0.0009999167624624755,9.499143092729001,6.7958831787109375
2025-09-14 17:06:58,SGD_lr0.001_m0.95,SGD,2,shakespeare_char,140,train_iter,2.8602004051208496,0.000999852025703806,9.584351028959889,6.749629974365234
2025-09-14 17:06:58,SGD_lr0.001_m0.95,SGD,2,shakespeare_char,150,train_iter,2.7380428314208984,0.0009997687972903096,9.654714927967154,6.791114807128906
2025-09-14 17:06:58,SGD_lr0.001_m0.95,SGD,2,shakespeare_char,160,train_iter,2.75833797454834,0.0009996670806431804,9.72115803374119,6.770610809326172
2025-09-14 17:06:59,SGD_lr0.001_m0.95,SGD,2,shakespeare_char,170,train_iter,2.712057113647461,0.0009995468799435915,9.779614087944433,6.77943229675293
2025-09-14 17:06:59,SGD_lr0.001_m0.95,SGD,2,shakespeare_char,180,train_iter,2.6858396530151367,0.000999408200132523,9.832079584815176,6.780385971069336
2025-09-14 17:06:59,SGD_lr0.001_m0.95,SGD,2,shakespeare_char,190,train_iter,2.669412612915039,0.0009992510469105584,9.879008750466687,6.782293319702148
2025-09-14 17:09:38,SGD_lr0.001_m0.95,SGD,2,shakespeare_char,200,train_iter,2.639108657836914,0.0009990754267376514,8.891151735118083,159296.40293121338
2025-09-14 17:09:52,SGD_lr0.01_m0.0,SGD,2,shakespeare_char,0,train_eval,4.270771503448486,9.900990099009901e-06,,
2025-09-14 17:09:52,SGD_lr0.01_m0.0,SGD,2,shakespeare_char,0,val_eval,4.269772529602051,9.900990099009901e-06,,
2025-09-14 17:12:40,SGD_lr0.01_m0.0,SGD,2,shakespeare_char,0,train_iter,4.265802383422852,9.900990099009901e-06,,170764.62507247925
2025-09-14 17:12:40,SGD_lr0.01_m0.0,SGD,2,shakespeare_char,10,train_iter,4.260556221008301,0.0001089108910891089,10.608279311545116,6.5860748291015625
2025-09-14 17:12:40,SGD_lr0.01_m0.0,SGD,2,shakespeare_char,20,train_iter,4.2437849044799805,0.00020792079207920794,10.593510878149305,6.679058074951172
2025-09-14 17:12:40,SGD_lr0.01_m0.0,SGD,2,shakespeare_char,30,train_iter,4.230583667755127,0.00030693069306930693,10.607577767265226,6.508827209472656
2025-09-14 17:12:40,SGD_lr0.01_m0.0,SGD,2,shakespeare_char,40,train_iter,4.181380748748779,0.000405940594059406,10.541940568174272,7.0209503173828125
2025-09-14 17:12:40,SGD_lr0.01_m0.0,SGD,2,shakespeare_char,50,train_iter,4.174823760986328,0.000504950495049505,10.533656668049408,6.680011749267578
2025-09-14 17:12:40,SGD_lr0.01_m0.0,SGD,2,shakespeare_char,60,train_iter,4.09744930267334,0.000603960396039604,10.539355358678954,6.597042083740234
2025-09-14 17:12:40,SGD_lr0.01_m0.0,SGD,2,shakespeare_char,70,train_iter,4.071539878845215,0.000702970297029703,10.512452058124984,6.802797317504883
2025-09-14 17:12:40,SGD_lr0.01_m0.0,SGD,2,shakespeare_char,80,train_iter,3.999452590942383,0.000801980198019802,10.525579610201932,6.564140319824219
2025-09-14 17:12:40,SGD_lr0.01_m0.0,SGD,2,shakespeare_char,90,train_iter,3.9404149055480957,0.0009009900990099009,10.531703396660506,6.59942626953125
2025-09-14 17:14:48,SGD_lr0.01_m0.0,SGD,2,shakespeare_char,100,train_iter,3.884570598602295,0.001,9.478587713949008,127828.05395126343
2025-09-14 17:14:48,SGD_lr0.01_m0.0,SGD,2,shakespeare_char,110,train_iter,3.8379483222961426,0.0009999907511312647,9.594058917161757,6.570577621459961
2025-09-14 17:14:48,SGD_lr0.01_m0.0,SGD,2,shakespeare_char,120,train_iter,3.738485336303711,0.0009999630049052437,9.699644694663936,6.560325622558594
2025-09-14 17:14:48,SGD_lr0.01_m0.0,SGD,2,shakespeare_char,130,train_iter,3.708839178085327,0.0009999167624624755,9.291549859368999,12.434720993041992
2025-09-14 17:14:48,SGD_lr0.01_m0.0,SGD,2,shakespeare_char,140,train_iter,3.6715941429138184,0.000999852025703806,8.92456631568299,12.428045272827148
2025-09-14 17:14:49,SGD_lr0.01_m0.0,SGD,2,shakespeare_char,150,train_iter,3.6115036010742188,0.0009997687972903096,8.774366795822194,9.412765502929688
2025-09-14 17:14:49,SGD_lr0.01_m0.0,SGD,2,shakespeare_char,160,train_iter,3.6173510551452637,0.0009996670806431804,8.92291956971705,6.809711456298828
2025-09-14 17:14:49,SGD_lr0.01_m0.0,SGD,2,shakespeare_char,170,train_iter,3.5601024627685547,0.0009995468799435915,9.092070338412263,6.5822601318359375
2025-09-14 17:14:49,SGD_lr0.01_m0.0,SGD,2,shakespeare_char,180,train_iter,3.5010390281677246,0.000999408200132523,9.226018322733227,6.697654724121094
2025-09-14 17:14:49,SGD_lr0.01_m0.0,SGD,2,shakespeare_char,190,train_iter,3.5018367767333984,0.0009992510469105584,9.360494290409845,6.609439849853516
2025-09-14 17:17:05,SGD_lr0.01_m0.0,SGD,2,shakespeare_char,200,train_iter,3.4618728160858154,0.0009990754267376514,8.424496338208913,135724.96151924133
2025-09-14 17:17:13,SGD_lr0.01_m0.9,SGD,2,shakespeare_char,0,train_eval,4.270771503448486,9.900990099009901e-06,,
2025-09-14 17:17:13,SGD_lr0.01_m0.9,SGD,2,shakespeare_char,0,val_eval,4.269772529602051,9.900990099009901e-06,,
2025-09-14 17:19:32,SGD_lr0.01_m0.9,SGD,2,shakespeare_char,0,train_iter,4.265802383422852,9.900990099009901e-06,,140884.41491127014
2025-09-14 17:19:32,SGD_lr0.01_m0.9,SGD,2,shakespeare_char,10,train_iter,4.240842819213867,0.0001089108910891089,3.2157307051852593,21.726608276367188
2025-09-14 17:19:32,SGD_lr0.01_m0.9,SGD,2,shakespeare_char,20,train_iter,4.135031700134277,0.00020792079207920794,3.8338200078538125,7.435321807861328
2025-09-14 17:19:32,SGD_lr0.01_m0.9,SGD,2,shakespeare_char,30,train_iter,3.9689671993255615,0.00030693069306930693,4.41620641395675,7.234334945678711
2025-09-14 17:19:32,SGD_lr0.01_m0.9,SGD,2,shakespeare_char,40,train_iter,3.755826950073242,0.000405940594059406,4.931805043816455,7.298946380615234
2025-09-14 17:19:32,SGD_lr0.01_m0.9,SGD,2,shakespeare_char,50,train_iter,3.6415066719055176,0.000504950495049505,5.464829567107182,6.808280944824219
2025-09-14 17:19:32,SGD_lr0.01_m0.9,SGD,2,shakespeare_char,60,train_iter,3.396310567855835,0.000603960396039604,5.951498167659622,6.762504577636719
2025-09-14 17:19:32,SGD_lr0.01_m0.9,SGD,2,shakespeare_char,70,train_iter,3.4058947563171387,0.000702970297029703,6.385400244358991,6.789445877075195
2025-09-14 17:19:32,SGD_lr0.01_m0.9,SGD,2,shakespeare_char,80,train_iter,3.324040174484253,0.000801980198019802,6.7813612532203775,6.753683090209961
2025-09-14 17:19:33,SGD_lr0.01_m0.9,SGD,2,shakespeare_char,90,train_iter,3.275038480758667,0.0009009900990099009,7.136376685161499,6.762504577636719
2025-09-14 17:19:51,SGD_lr0.01_m0.9,SGD,2,shakespeare_char,100,train_iter,3.1877174377441406,0.001,6.423128262143912,17949.320316314697
2025-09-14 17:19:51,SGD_lr0.01_m0.9,SGD,2,shakespeare_char,110,train_iter,3.1311306953430176,0.0009999907511312647,6.737003995012375,7.306814193725586
2025-09-14 17:19:51,SGD_lr0.01_m0.9,SGD,2,shakespeare_char,120,train_iter,3.0199451446533203,0.0009999630049052437,6.486006632902769,16.528606414794922
2025-09-14 17:19:51,SGD_lr0.01_m0.9,SGD,2,shakespeare_char,130,train_iter,2.9927115440368652,0.0009999167624624755,6.25628432365146,16.67952537536621
2025-09-14 17:19:51,SGD_lr0.01_m0.9,SGD,2,shakespeare_char,140,train_iter,2.985713481903076,0.000999852025703806,6.048030815019237,16.739606857299805
2025-09-14 17:19:51,SGD_lr0.01_m0.9,SGD,2,shakespeare_char,150,train_iter,2.8702783584594727,0.0009997687972903096,5.866180909099506,16.518831253051758
2025-09-14 17:19:51,SGD_lr0.01_m0.9,SGD,2,shakespeare_char,160,train_iter,2.8939924240112305,0.0009996670806431804,5.7029620953410936,16.501426696777344
2025-09-14 17:19:52,SGD_lr0.01_m0.9,SGD,2,shakespeare_char,170,train_iter,2.822117805480957,0.0009995468799435915,5.556322250852701,16.491413116455078
2025-09-14 17:19:52,SGD_lr0.01_m0.9,SGD,2,shakespeare_char,180,train_iter,2.7979722023010254,0.000999408200132523,5.423100594139043,16.540050506591797
2025-09-14 17:19:52,SGD_lr0.01_m0.9,SGD,2,shakespeare_char,190,train_iter,2.7846152782440186,0.0009992510469105584,5.3046184652190815,16.484737396240234
2025-09-14 17:19:53,SGD_lr0.01_m0.9,SGD,2,shakespeare_char,200,train_iter,2.7471604347229004,0.0009990754267376514,4.782575926694573,829.8416137695312
2025-09-14 17:20:00,SGD_lr0.01_m0.95,SGD,2,shakespeare_char,0,train_eval,4.270771503448486,9.900990099009901e-06,,
2025-09-14 17:20:00,SGD_lr0.01_m0.95,SGD,2,shakespeare_char,0,val_eval,4.269772529602051,9.900990099009901e-06,,
2025-09-14 17:20:15,SGD_lr0.01_m0.95,SGD,2,shakespeare_char,0,train_iter,4.265802383422852,9.900990099009901e-06,,17268.58925819397
2025-09-14 17:20:15,SGD_lr0.01_m0.95,SGD,2,shakespeare_char,10,train_iter,4.236733436584473,0.0001089108910891089,4.989241639603684,14.003515243530273
2025-09-14 17:20:16,SGD_lr0.01_m0.95,SGD,2,shakespeare_char,20,train_iter,4.094942092895508,0.00020792079207920794,4.923064212359535,16.144990921020508
2025-09-14 17:20:16,SGD_lr0.01_m0.95,SGD,2,shakespeare_char,30,train_iter,3.8657188415527344,0.00030693069306930693,4.8595218851482835,16.29495620727539
2025-09-14 17:20:16,SGD_lr0.01_m0.95,SGD,2,shakespeare_char,40,train_iter,3.62503981590271,0.000405940594059406,4.810627829792969,15.985727310180664
2025-09-14 17:20:16,SGD_lr0.01_m0.95,SGD,2,shakespeare_char,50,train_iter,3.5172011852264404,0.000504950495049505,4.762945371138737,16.121387481689453
2025-09-14 17:20:16,SGD_lr0.01_m0.95,SGD,2,shakespeare_char,60,train_iter,3.2818105220794678,0.000603960396039604,4.725331553927443,15.926599502563477
2025-09-14 17:20:16,SGD_lr0.01_m0.95,SGD,2,shakespeare_char,70,train_iter,3.3325650691986084,0.000702970297029703,4.682726227795012,16.2508487701416
2025-09-14 17:20:17,SGD_lr0.01_m0.95,SGD,2,shakespeare_char,80,train_iter,3.2528958320617676,0.000801980198019802,4.6409090268999655,16.38317108154297
2025-09-14 17:20:17,SGD_lr0.01_m0.95,SGD,2,shakespeare_char,90,train_iter,3.1820285320281982,0.0009009900990099009,4.601143152376549,16.465425491333008
2025-09-14 17:20:18,SGD_lr0.01_m0.95,SGD,2,shakespeare_char,100,train_iter,3.055952787399292,0.001,4.146443505696329,1290.3268337249756
2025-09-14 17:20:18,SGD_lr0.01_m0.95,SGD,2,shakespeare_char,110,train_iter,2.9865217208862305,0.0009999907511312647,4.756568730249519,6.817817687988281
2025-09-14 17:20:18,SGD_lr0.01_m0.95,SGD,2,shakespeare_char,120,train_iter,2.886168956756592,0.0009999630049052437,4.714497374494597,16.113758087158203
2025-09-14 17:20:19,SGD_lr0.01_m0.95,SGD,2,shakespeare_char,130,train_iter,2.862004041671753,0.0009999167624624755,4.680431937858766,15.973806381225586
2025-09-14 17:20:19,SGD_lr0.01_m0.95,SGD,2,shakespeare_char,140,train_iter,2.8601226806640625,0.000999852025703806,4.6537652562083895,15.829324722290039
2025-09-14 17:20:19,SGD_lr0.01_m0.95,SGD,2,shakespeare_char,150,train_iter,2.737990140914917,0.0009997687972903096,4.625368655882614,15.988588333129883
2025-09-14 17:20:19,SGD_lr0.01_m0.95,SGD,2,shakespeare_char,160,train_iter,2.758441925048828,0.0009996670806431804,4.600503521609598,15.963315963745117
2025-09-14 17:20:19,SGD_lr0.01_m0.95,SGD,2,shakespeare_char,170,train_iter,2.7119674682617188,0.0009995468799435915,4.5792389861771285,15.922784805297852
2025-09-14 17:20:19,SGD_lr0.01_m0.95,SGD,2,shakespeare_char,180,train_iter,2.685845136642456,0.000999408200132523,4.559032581289061,15.961647033691406
2025-09-14 17:20:20,SGD_lr0.01_m0.95,SGD,2,shakespeare_char,190,train_iter,2.669546127319336,0.0009992510469105584,4.539907340959776,15.995979309082031
2025-09-14 17:20:21,SGD_lr0.01_m0.95,SGD,2,shakespeare_char,200,train_iter,2.639298915863037,0.0009990754267376514,4.09112067502426,1342.5443172454834
2025-09-14 17:20:28,SGD_lr0.001_m0.0,SGD,2,shakespeare_char,0,train_eval,4.270771503448486,9.900990099009901e-06,,
2025-09-14 17:20:28,SGD_lr0.001_m0.0,SGD,2,shakespeare_char,0,val_eval,4.269772529602051,9.900990099009901e-06,,
2025-09-14 17:20:37,SGD_lr0.001_m0.0,SGD,2,shakespeare_char,0,train_iter,4.265802383422852,9.900990099009901e-06,,10949.714183807373
2025-09-14 17:20:37,SGD_lr0.001_m0.0,SGD,2,shakespeare_char,10,train_iter,4.260556221008301,0.0001089108910891089,4.418356970359483,15.812873840332031
2025-09-14 17:20:37,SGD_lr0.001_m0.0,SGD,2,shakespeare_char,20,train_iter,4.2437849044799805,0.00020792079207920794,4.4182637251642936,15.816211700439453
2025-09-14 17:20:37,SGD_lr0.001_m0.0,SGD,2,shakespeare_char,30,train_iter,4.230584144592285,0.00030693069306930693,4.420401700892148,15.737056732177734
2025-09-14 17:20:38,SGD_lr0.001_m0.0,SGD,2,shakespeare_char,40,train_iter,4.1813883781433105,0.000405940594059406,4.418789431040582,15.863418579101562
2025-09-14 17:20:38,SGD_lr0.001_m0.0,SGD,2,shakespeare_char,50,train_iter,4.174755573272705,0.000504950495049505,4.412170428675796,16.051769256591797
2025-09-14 17:20:38,SGD_lr0.001_m0.0,SGD,2,shakespeare_char,60,train_iter,4.097402572631836,0.000603960396039604,4.415146540028374,15.728950500488281
2025-09-14 17:20:38,SGD_lr0.001_m0.0,SGD,2,shakespeare_char,70,train_iter,4.0716047286987305,0.000702970297029703,4.411558701289634,15.954017639160156
2025-09-14 17:20:38,SGD_lr0.001_m0.0,SGD,2,shakespeare_char,80,train_iter,3.999375820159912,0.000801980198019802,4.412431804238763,15.805959701538086
2025-09-14 17:20:38,SGD_lr0.001_m0.0,SGD,2,shakespeare_char,90,train_iter,3.9404163360595703,0.0009009900990099009,4.410448000101552,15.905618667602539
2025-09-14 17:20:40,SGD_lr0.001_m0.0,SGD,2,shakespeare_char,100,train_iter,3.884601354598999,0.001,3.9738236105091507,1580.5528163909912
2025-09-14 17:20:40,SGD_lr0.001_m0.0,SGD,2,shakespeare_char,110,train_iter,3.837919235229492,0.0009999907511312647,4.641007339849932,6.562948226928711
2025-09-14 17:20:40,SGD_lr0.001_m0.0,SGD,2,shakespeare_char,120,train_iter,3.7384390830993652,0.0009999630049052437,4.618269822526018,15.829801559448242
2025-09-14 17:20:40,SGD_lr0.001_m0.0,SGD,2,shakespeare_char,130,train_iter,3.708979606628418,0.0009999167624624755,4.601939287014964,15.68293571472168
2025-09-14 17:20:41,SGD_lr0.001_m0.0,SGD,2,shakespeare_char,140,train_iter,3.6715126037597656,0.000999852025703806,4.585132012828571,15.757560729980469
2025-09-14 17:20:41,SGD_lr0.001_m0.0,SGD,2,shakespeare_char,150,train_iter,3.611607551574707,0.0009997687972903096,4.572698466458905,15.662431716918945
2025-09-14 17:20:41,SGD_lr0.001_m0.0,SGD,2,shakespeare_char,160,train_iter,3.6173763275146484,0.0009996670806431804,4.556499538553697,15.840291976928711
2025-09-14 17:20:41,SGD_lr0.001_m0.0,SGD,2,shakespeare_char,170,train_iter,3.5600764751434326,0.0009995468799435915,4.546149711889737,15.689849853515625
2025-09-14 17:20:41,SGD_lr0.001_m0.0,SGD,2,shakespeare_char,180,train_iter,3.5009171962738037,0.000999408200132523,4.538949290530713,15.615701675415039
2025-09-14 17:20:41,SGD_lr0.001_m0.0,SGD,2,shakespeare_char,190,train_iter,3.5018978118896484,0.0009992510469105584,4.529065797563223,15.735387802124023
2025-09-14 17:20:57,SGD_lr0.001_m0.0,SGD,2,shakespeare_char,200,train_iter,3.4619550704956055,0.0009990754267376514,4.0766048853348495,15676.915407180786
2025-09-14 17:21:04,SGD_lr0.001_m0.9,SGD,2,shakespeare_char,0,train_eval,4.270771503448486,9.900990099009901e-06,,
2025-09-14 17:21:04,SGD_lr0.001_m0.9,SGD,2,shakespeare_char,0,val_eval,4.269772529602051,9.900990099009901e-06,,
2025-09-14 17:21:21,SGD_lr0.001_m0.9,SGD,2,shakespeare_char,0,train_iter,4.265802383422852,9.900990099009901e-06,,18477.481842041016
2025-09-14 17:21:21,SGD_lr0.001_m0.9,SGD,2,shakespeare_char,10,train_iter,4.240842819213867,0.0001089108910891089,4.29744988564485,16.257762908935547
2025-09-14 17:21:21,SGD_lr0.001_m0.9,SGD,2,shakespeare_char,20,train_iter,4.134966850280762,0.00020792079207920794,4.299724339079042,16.172170639038086
2025-09-14 17:21:21,SGD_lr0.001_m0.9,SGD,2,shakespeare_char,30,train_iter,3.9689860343933105,0.00030693069306930693,4.308787528797851,15.913724899291992
2025-09-14 17:21:21,SGD_lr0.001_m0.9,SGD,2,shakespeare_char,40,train_iter,3.755794048309326,0.000405940594059406,4.309909111593572,16.17288589477539
2025-09-14 17:21:22,SGD_lr0.001_m0.9,SGD,2,shakespeare_char,50,train_iter,3.6414756774902344,0.000504950495049505,4.312612805507729,16.109704971313477
2025-09-14 17:21:22,SGD_lr0.001_m0.9,SGD,2,shakespeare_char,60,train_iter,3.396366834640503,0.000603960396039604,4.315213076416207,16.103506088256836
2025-09-14 17:21:22,SGD_lr0.001_m0.9,SGD,2,shakespeare_char,70,train_iter,3.4058780670166016,0.000702970297029703,4.318209506800598,16.079187393188477
2025-09-14 17:21:22,SGD_lr0.001_m0.9,SGD,2,shakespeare_char,80,train_iter,3.3240232467651367,0.000801980198019802,4.319301510135285,16.138792037963867
2025-09-14 17:21:22,SGD_lr0.001_m0.9,SGD,2,shakespeare_char,90,train_iter,3.2751519680023193,0.0009009900990099009,4.320188402961478,16.14236831665039
2025-09-14 17:21:24,SGD_lr0.001_m0.9,SGD,2,shakespeare_char,100,train_iter,3.1877706050872803,0.001,3.8940804510319755,1182.0037364959717
2025-09-14 17:21:24,SGD_lr0.001_m0.9,SGD,2,shakespeare_char,110,train_iter,3.131178379058838,0.0009999907511312647,4.540782817490926,6.743192672729492
2025-09-14 17:21:24,SGD_lr0.001_m0.9,SGD,2,shakespeare_char,120,train_iter,3.0198912620544434,0.0009999630049052437,5.15080674606945,6.56580924987793
2025-09-14 17:21:24,SGD_lr0.001_m0.9,SGD,2,shakespeare_char,130,train_iter,2.992810010910034,0.0009999167624624755,5.070404942505169,16.073226928710938
2025-09-14 17:21:24,SGD_lr0.001_m0.9,SGD,2,shakespeare_char,140,train_iter,2.985764265060425,0.000999852025703806,4.996475751391103,16.13140106201172
2025-09-14 17:21:24,SGD_lr0.001_m0.9,SGD,2,shakespeare_char,150,train_iter,2.8701796531677246,0.0009997687972903096,4.9297859028965805,16.137123107910156
2025-09-14 17:21:24,SGD_lr0.001_m0.9,SGD,2,shakespeare_char,160,train_iter,2.8939781188964844,0.0009996670806431804,4.871228428152052,16.082763671875
2025-09-14 17:21:24,SGD_lr0.001_m0.9,SGD,2,shakespeare_char,170,train_iter,2.822117805480957,0.0009995468799435915,4.81558433511911,16.19243621826172
2025-09-14 17:21:25,SGD_lr0.001_m0.9,SGD,2,shakespeare_char,180,train_iter,2.798053741455078,0.000999408200132523,4.767874606473765,16.10398292541504
2025-09-14 17:21:25,SGD_lr0.001_m0.9,SGD,2,shakespeare_char,190,train_iter,2.7846508026123047,0.0009992510469105584,4.7250450709865035,16.099929809570312
2025-09-14 17:21:39,SGD_lr0.001_m0.9,SGD,2,shakespeare_char,200,train_iter,2.7472074031829834,0.0009990754267376514,4.253035201902046,14124.858856201172
2025-09-14 17:21:46,SGD_lr0.001_m0.95,SGD,2,shakespeare_char,0,train_eval,4.270771503448486,9.900990099009901e-06,,
2025-09-14 17:21:46,SGD_lr0.001_m0.95,SGD,2,shakespeare_char,0,val_eval,4.269772529602051,9.900990099009901e-06,,
2025-09-14 17:22:04,SGD_lr0.001_m0.95,SGD,2,shakespeare_char,0,train_iter,4.265802383422852,9.900990099009901e-06,,19935.914278030396
2025-09-14 17:22:04,SGD_lr0.001_m0.95,SGD,2,shakespeare_char,10,train_iter,4.2367048263549805,0.0001089108910891089,4.269649265700998,16.36362075805664
2025-09-14 17:22:04,SGD_lr0.001_m0.95,SGD,2,shakespeare_char,20,train_iter,4.094988822937012,0.00020792079207920794,4.268476745306337,16.408681869506836
2025-09-14 17:22:05,SGD_lr0.001_m0.95,SGD,2,shakespeare_char,30,train_iter,3.8657774925231934,0.00030693069306930693,4.274586797420291,16.137123107910156
2025-09-14 17:22:05,SGD_lr0.001_m0.95,SGD,2,shakespeare_char,40,train_iter,3.6250691413879395,0.000405940594059406,4.277283138158442,16.242265701293945
2025-09-14 17:22:05,SGD_lr0.001_m0.95,SGD,2,shakespeare_char,50,train_iter,3.5171713829040527,0.000504950495049505,4.2730214038748615,16.498804092407227
2025-09-14 17:22:05,SGD_lr0.001_m0.95,SGD,2,shakespeare_char,60,train_iter,3.2818565368652344,0.000603960396039604,4.280320775770289,16.076087951660156
2025-09-14 17:22:05,SGD_lr0.001_m0.95,SGD,2,shakespeare_char,70,train_iter,3.3326802253723145,0.000702970297029703,4.268549025331603,16.7844295501709
2025-09-14 17:22:05,SGD_lr0.001_m0.95,SGD,2,shakespeare_char,80,train_iter,3.252976894378662,0.000801980198019802,4.257098845669448,16.819000244140625
2025-09-14 17:22:06,SGD_lr0.001_m0.95,SGD,2,shakespeare_char,90,train_iter,3.1821212768554688,0.0009009900990099009,4.242417936068662,16.9980525970459
2025-09-14 17:22:25,SGD_lr0.001_m0.95,SGD,2,shakespeare_char,100,train_iter,3.056086301803589,0.001,3.818547233311699,18827.443838119507
2025-09-14 17:22:25,SGD_lr0.001_m0.95,SGD,2,shakespeare_char,110,train_iter,2.986652374267578,0.0009999907511312647,4.452933000000374,6.875038146972656
2025-09-14 17:22:25,SGD_lr0.001_m0.95,SGD,2,shakespeare_char,120,train_iter,2.8861091136932373,0.0009999630049052437,4.4389279402236355,16.199588775634766
2025-09-14 17:22:25,SGD_lr0.001_m0.95,SGD,2,shakespeare_char,130,train_iter,2.862231969833374,0.0009999167624624755,4.426393220392958,16.19696617126465
2025-09-14 17:22:25,SGD_lr0.001_m0.95,SGD,2,shakespeare_char,140,train_iter,2.8602395057678223,0.000999852025703806,4.418439217202765,16.072988510131836
2025-09-14 17:22:25,SGD_lr0.001_m0.95,SGD,2,shakespeare_char,150,train_iter,2.7378106117248535,0.0009997687972903096,4.405071005656372,16.305923461914062
2025-09-14 17:22:25,SGD_lr0.001_m0.95,SGD,2,shakespeare_char,160,train_iter,2.7584171295166016,0.0009996670806431804,4.399856173034055,16.05057716369629
2025-09-14 17:22:26,SGD_lr0.001_m0.95,SGD,2,shakespeare_char,170,train_iter,2.712165355682373,0.0009995468799435915,4.392380972388149,16.153812408447266
2025-09-14 17:22:26,SGD_lr0.001_m0.95,SGD,2,shakespeare_char,180,train_iter,2.6857810020446777,0.000999408200132523,4.384564454394269,16.194581985473633
2025-09-14 17:22:26,SGD_lr0.001_m0.95,SGD,2,shakespeare_char,190,train_iter,2.669548988342285,0.0009992510469105584,4.3796614520199295,16.11495018005371
2025-09-14 17:22:27,SGD_lr0.001_m0.95,SGD,2,shakespeare_char,200,train_iter,2.6392035484313965,0.0009990754267376514,3.9495561202764087,888.8001441955566
2025-09-14 17:22:34,MUON_lr0.0003_m0.95,MUON,2,shakespeare_char,0,train_eval,4.270771503448486,9.900990099009901e-06,,
2025-09-14 17:22:34,MUON_lr0.0003_m0.95,MUON,2,shakespeare_char,0,val_eval,4.269772529602051,9.900990099009901e-06,,
2025-09-14 17:22:48,MUON_lr0.0003_m0.95,MUON,2,shakespeare_char,0,train_iter,4.265802383422852,9.900990099009901e-06,,15720.689296722412
2025-09-14 17:22:48,MUON_lr0.0003_m0.95,MUON,2,shakespeare_char,10,train_iter,4.2260284423828125,0.0001089108910891089,1.3522861242726063,51.6657829284668
2025-09-14 17:22:49,MUON_lr0.0003_m0.95,MUON,2,shakespeare_char,20,train_iter,4.114987850189209,0.00020792079207920794,1.3511751920432993,52.0937442779541
2025-09-14 17:22:49,MUON_lr0.0003_m0.95,MUON,2,shakespeare_char,30,train_iter,3.952754497528076,0.00030693069306930693,1.3492034063059388,52.474021911621094
2025-09-14 17:22:50,MUON_lr0.0003_m0.95,MUON,2,shakespeare_char,40,train_iter,3.7241084575653076,0.000405940594059406,1.3462072126622995,52.95991897583008
2025-09-14 17:22:50,MUON_lr0.0003_m0.95,MUON,2,shakespeare_char,50,train_iter,3.5552000999450684,0.000504950495049505,1.346894402143904,51.6355037689209
2025-09-14 17:22:51,MUON_lr0.0003_m0.95,MUON,2,shakespeare_char,60,train_iter,3.2651374340057373,0.000603960396039604,1.3466456734438925,51.96857452392578
2025-09-14 17:22:51,MUON_lr0.0003_m0.95,MUON,2,shakespeare_char,70,train_iter,3.173381805419922,0.000702970297029703,1.3485546434872417,51.15699768066406
2025-09-14 17:22:52,MUON_lr0.0003_m0.95,MUON,2,shakespeare_char,80,train_iter,3.0315918922424316,0.000801980198019802,1.3499944954097483,51.26142501831055
2025-09-14 17:22:52,MUON_lr0.0003_m0.95,MUON,2,shakespeare_char,90,train_iter,2.9269351959228516,0.0009009900990099009,1.3460460309330025,53.31277847290039
2025-09-14 17:23:08,MUON_lr0.0003_m0.95,MUON,2,shakespeare_char,100,train_iter,2.7901523113250732,0.001,1.2118986855534992,15279.550075531006
2025-09-14 17:23:08,MUON_lr0.0003_m0.95,MUON,2,shakespeare_char,110,train_iter,2.7187860012054443,0.0009999907511312647,1.228325860076806,50.76909065246582
2025-09-14 17:23:09,MUON_lr0.0003_m0.95,MUON,2,shakespeare_char,120,train_iter,2.69935941696167,0.0009999630049052437,1.2417936618411616,51.259517669677734
2025-09-14 17:23:09,MUON_lr0.0003_m0.95,MUON,2,shakespeare_char,130,train_iter,2.6840591430664062,0.0009999167624624755,1.2552132455991132,50.775766372680664
2025-09-14 17:23:10,MUON_lr0.0003_m0.95,MUON,2,shakespeare_char,140,train_iter,2.6775949001312256,0.000999852025703806,1.2671895082421347,50.81319808959961
2025-09-14 17:23:11,MUON_lr0.0003_m0.95,MUON,2,shakespeare_char,150,train_iter,2.579854965209961,0.0009997687972903096,1.2837300916739722,48.769474029541016
2025-09-14 17:23:11,MUON_lr0.0003_m0.95,MUON,2,shakespeare_char,160,train_iter,2.595893383026123,0.0009996670806431804,1.292550833244935,50.92573165893555
2025-09-14 17:23:12,MUON_lr0.0003_m0.95,MUON,2,shakespeare_char,170,train_iter,2.5886430740356445,0.0009995468799435915,1.3007120966379975,50.843238830566406
2025-09-14 17:23:12,MUON_lr0.0003_m0.95,MUON,2,shakespeare_char,180,train_iter,2.576875686645508,0.000999408200132523,1.3067298601422,51.339149475097656
2025-09-14 17:23:13,MUON_lr0.0003_m0.95,MUON,2,shakespeare_char,190,train_iter,2.544321060180664,0.0009992510469105584,1.3082959469219304,52.83379554748535
2025-09-14 17:23:14,MUON_lr0.0003_m0.95,MUON,2,shakespeare_char,200,train_iter,2.5256850719451904,0.0009990754267376514,1.1834093562075596,1175.6162643432617
2025-09-14 17:23:21,MUON_lr0.0003_m0.99,MUON,2,shakespeare_char,0,train_eval,4.270771503448486,9.900990099009901e-06,,
2025-09-14 17:23:21,MUON_lr0.0003_m0.99,MUON,2,shakespeare_char,0,val_eval,4.269772529602051,9.900990099009901e-06,,
2025-09-14 17:23:31,MUON_lr0.0003_m0.99,MUON,2,shakespeare_char,0,train_iter,4.265802383422852,9.900990099009901e-06,,12066.798448562622
2025-09-14 17:23:32,MUON_lr0.0003_m0.99,MUON,2,shakespeare_char,10,train_iter,4.225963592529297,0.0001089108910891089,1.3625412431342316,51.27692222595215
2025-09-14 17:23:32,MUON_lr0.0003_m0.99,MUON,2,shakespeare_char,20,train_iter,4.114559173583984,0.00020792079207920794,1.3625121069445376,51.28788948059082
2025-09-14 17:23:33,MUON_lr0.0003_m0.99,MUON,2,shakespeare_char,30,train_iter,3.952263593673706,0.00030693069306930693,1.3589003996729119,52.674293518066406
2025-09-14 17:23:33,MUON_lr0.0003_m0.99,MUON,2,shakespeare_char,40,train_iter,3.725797653198242,0.000405940594059406,1.3526479179685218,53.89404296875
2025-09-14 17:23:34,MUON_lr0.0003_m0.99,MUON,2,shakespeare_char,50,train_iter,3.561629056930542,0.000504950495049505,1.3500268322719853,52.672624588012695
2025-09-14 17:23:34,MUON_lr0.0003_m0.99,MUON,2,shakespeare_char,60,train_iter,3.2848291397094727,0.000603960396039604,1.3475209197198885,52.73103713989258
2025-09-14 17:23:35,MUON_lr0.0003_m0.99,MUON,2,shakespeare_char,70,train_iter,3.2054991722106934,0.000702970297029703,1.3482738252981274,51.560401916503906
2025-09-14 17:23:35,MUON_lr0.0003_m0.99,MUON,2,shakespeare_char,80,train_iter,3.0846471786499023,0.000801980198019802,1.3477608332412436,52.0174503326416
2025-09-14 17:23:36,MUON_lr0.0003_m0.99,MUON,2,shakespeare_char,90,train_iter,2.988856077194214,0.0009009900990099009,1.3514405605214266,50.461530685424805
2025-09-14 17:23:52,MUON_lr0.0003_m0.99,MUON,2,shakespeare_char,100,train_iter,2.8538832664489746,0.001,1.2167530915984905,15301.990985870361
2025-09-14 17:23:52,MUON_lr0.0003_m0.99,MUON,2,shakespeare_char,110,train_iter,2.7704694271087646,0.0009999907511312647,1.2393281148065698,48.43449592590332
2025-09-14 17:23:53,MUON_lr0.0003_m0.99,MUON,2,shakespeare_char,120,train_iter,2.7463595867156982,0.0009999630049052437,1.2542987003662942,50.29892921447754
2025-09-14 17:23:53,MUON_lr0.0003_m0.99,MUON,2,shakespeare_char,130,train_iter,2.7309701442718506,0.0009999167624624755,1.2624546056295605,52.30116844177246
2025-09-14 17:23:54,MUON_lr0.0003_m0.99,MUON,2,shakespeare_char,140,train_iter,2.7071075439453125,0.000999852025703806,1.2698217199913149,52.29067802429199
2025-09-14 17:23:54,MUON_lr0.0003_m0.99,MUON,2,shakespeare_char,150,train_iter,2.599392890930176,0.0009997687972903096,1.277377163722102,51.931142807006836
2025-09-14 17:23:55,MUON_lr0.0003_m0.99,MUON,2,shakespeare_char,160,train_iter,2.6229639053344727,0.0009996670806431804,1.2838830786795432,52.04486846923828
2025-09-14 17:23:55,MUON_lr0.0003_m0.99,MUON,2,shakespeare_char,170,train_iter,2.60426664352417,0.0009995468799435915,1.286911897236951,53.16424369812012
2025-09-14 17:23:56,MUON_lr0.0003_m0.99,MUON,2,shakespeare_char,180,train_iter,2.587069511413574,0.000999408200132523,1.2945134881756075,51.26237869262695
2025-09-14 17:23:56,MUON_lr0.0003_m0.99,MUON,2,shakespeare_char,190,train_iter,2.5596914291381836,0.0009992510469105584,1.2990749385340223,52.13451385498047
2025-09-14 17:24:16,MUON_lr0.0003_m0.99,MUON,2,shakespeare_char,200,train_iter,2.5455915927886963,0.0009990754267376514,1.1695186760800078,19891.99185371399
2025-09-14 17:24:24,MUON_lr0.001_m0.95,MUON,2,shakespeare_char,0,train_eval,4.270771503448486,9.900990099009901e-06,,
2025-09-14 17:24:24,MUON_lr0.001_m0.95,MUON,2,shakespeare_char,0,val_eval,4.269772529602051,9.900990099009901e-06,,
2025-09-14 17:24:37,MUON_lr0.001_m0.95,MUON,2,shakespeare_char,0,train_iter,4.265802383422852,9.900990099009901e-06,,15167.191505432129
2025-09-14 17:24:37,MUON_lr0.001_m0.95,MUON,2,shakespeare_char,10,train_iter,4.225976943969727,0.0001089108910891089,1.330411584691723,52.515268325805664
2025-09-14 17:24:38,MUON_lr0.001_m0.95,MUON,2,shakespeare_char,20,train_iter,4.115091323852539,0.00020792079207920794,1.3252475023711467,54.63600158691406
2025-09-14 17:24:38,MUON_lr0.001_m0.95,MUON,2,shakespeare_char,30,train_iter,3.9529809951782227,0.00030693069306930693,1.3277040775671858,51.76043510437012
2025-09-14 17:24:39,MUON_lr0.001_m0.95,MUON,2,shakespeare_char,40,train_iter,3.7240467071533203,0.000405940594059406,1.3341577913319782,50.18305778503418
2025-09-14 17:24:39,MUON_lr0.001_m0.95,MUON,2,shakespeare_char,50,train_iter,3.5550293922424316,0.000504950495049505,1.3354738560533477,51.856279373168945
2025-09-14 17:24:40,MUON_lr0.001_m0.95,MUON,2,shakespeare_char,60,train_iter,3.2650070190429688,0.000603960396039604,1.377049042818646,39.89601135253906
2025-09-14 17:24:40,MUON_lr0.001_m0.95,MUON,2,shakespeare_char,70,train_iter,3.1733479499816895,0.000702970297029703,1.3729469668993262,52.29449272155762
2025-09-14 17:24:41,MUON_lr0.001_m0.95,MUON,2,shakespeare_char,80,train_iter,3.031510353088379,0.000801980198019802,1.369041640550384,52.378177642822266
2025-09-14 17:24:41,MUON_lr0.001_m0.95,MUON,2,shakespeare_char,90,train_iter,2.9267749786376953,0.0009009900990099009,1.367230809814291,51.717519760131836
2025-09-14 17:24:57,MUON_lr0.001_m0.95,MUON,2,shakespeare_char,100,train_iter,2.790178060531616,0.001,1.2309717733974248,15056.080102920532
2025-09-14 17:24:57,MUON_lr0.001_m0.95,MUON,2,shakespeare_char,110,train_iter,2.718777656555176,0.0009999907511312647,1.2511152233408231,48.77591133117676
2025-09-14 17:24:58,MUON_lr0.001_m0.95,MUON,2,shakespeare_char,120,train_iter,2.699244499206543,0.0009999630049052437,1.2558785465325337,53.795576095581055
2025-09-14 17:24:58,MUON_lr0.001_m0.95,MUON,2,shakespeare_char,130,train_iter,2.6840267181396484,0.0009999167624624755,1.26310332567042,52.605628967285156
2025-09-14 17:24:59,MUON_lr0.001_m0.95,MUON,2,shakespeare_char,140,train_iter,2.6776912212371826,0.000999852025703806,1.2706943445779602,52.17790603637695
2025-09-14 17:24:59,MUON_lr0.001_m0.95,MUON,2,shakespeare_char,150,train_iter,2.579751968383789,0.0009997687972903096,1.287583285104627,48.532724380493164
2025-09-14 17:25:00,MUON_lr0.001_m0.95,MUON,2,shakespeare_char,160,train_iter,2.595864772796631,0.0009996670806431804,1.4081957561670817,28.017282485961914
2025-09-14 17:25:00,MUON_lr0.001_m0.95,MUON,2,shakespeare_char,170,train_iter,2.588592052459717,0.0009995468799435915,1.3934948815476074,55.397748947143555
2025-09-14 17:25:01,MUON_lr0.001_m0.95,MUON,2,shakespeare_char,180,train_iter,2.5769121646881104,0.000999408200132523,1.3876423196350838,52.33597755432129
2025-09-14 17:25:01,MUON_lr0.001_m0.95,MUON,2,shakespeare_char,190,train_iter,2.5442962646484375,0.0009992510469105584,1.3827678151807805,52.18243598937988
2025-09-14 17:25:37,MUON_lr0.001_m0.95,MUON,2,shakespeare_char,200,train_iter,2.5257487297058105,0.0009990754267376514,1.2446891682985077,35262.346267700195
2025-09-14 17:25:44,MUON_lr0.001_m0.99,MUON,2,shakespeare_char,0,train_eval,4.270771503448486,9.900990099009901e-06,,
2025-09-14 17:25:44,MUON_lr0.001_m0.99,MUON,2,shakespeare_char,0,val_eval,4.269772529602051,9.900990099009901e-06,,
2025-09-14 17:26:04,MUON_lr0.001_m0.99,MUON,2,shakespeare_char,0,train_iter,4.265802383422852,9.900990099009901e-06,,21357.34724998474
2025-09-14 17:26:04,MUON_lr0.001_m0.99,MUON,2,shakespeare_char,10,train_iter,4.225963592529297,0.0001089108910891089,1.3560909035055222,51.52082443237305
2025-09-14 17:26:05,MUON_lr0.001_m0.99,MUON,2,shakespeare_char,20,train_iter,4.114559173583984,0.00020792079207920794,1.3533263569949827,52.59299278259277
2025-09-14 17:26:05,MUON_lr0.001_m0.99,MUON,2,shakespeare_char,30,train_iter,3.952263593673706,0.00030693069306930693,1.3498976785982528,52.96802520751953
2025-09-14 17:26:06,MUON_lr0.001_m0.99,MUON,2,shakespeare_char,40,train_iter,3.725797653198242,0.000405940594059406,1.3423207274092779,54.83508110046387
2025-09-14 17:26:06,MUON_lr0.001_m0.99,MUON,2,shakespeare_char,50,train_iter,3.561629056930542,0.000504950495049505,1.3377571890994069,53.881168365478516
2025-09-14 17:26:07,MUON_lr0.001_m0.99,MUON,2,shakespeare_char,60,train_iter,3.284832000732422,0.000603960396039604,1.3398105582299782,51.4373779296875
2025-09-14 17:26:07,MUON_lr0.001_m0.99,MUON,2,shakespeare_char,70,train_iter,3.2054786682128906,0.000702970297029703,1.3323801055724922,55.208683013916016
2025-09-14 17:26:08,MUON_lr0.001_m0.99,MUON,2,shakespeare_char,80,train_iter,3.084721326828003,0.000801980198019802,1.3243153501953389,55.8161735534668
2025-09-14 17:26:08,MUON_lr0.001_m0.99,MUON,2,shakespeare_char,90,train_iter,2.9889028072357178,0.0009009900990099009,1.3201336194166702,54.47721481323242
2025-09-14 17:26:24,MUON_lr0.001_m0.99,MUON,2,shakespeare_char,100,train_iter,2.8539867401123047,0.001,1.188570045406942,15533.302783966064
2025-09-14 17:26:24,MUON_lr0.001_m0.99,MUON,2,shakespeare_char,110,train_iter,2.770437717437744,0.0009999907511312647,1.4462686520072137,18.554210662841797
2025-09-14 17:26:25,MUON_lr0.001_m0.99,MUON,2,shakespeare_char,120,train_iter,2.7463793754577637,0.0009999630049052437,1.6792551929480863,18.502235412597656
2025-09-14 17:26:25,MUON_lr0.001_m0.99,MUON,2,shakespeare_char,130,train_iter,2.7310423851013184,0.0009999167624624755,1.8894595708146529,18.47696304321289
2025-09-14 17:26:25,MUON_lr0.001_m0.99,MUON,2,shakespeare_char,140,train_iter,2.7070024013519287,0.000999852025703806,2.078750884245504,18.471717834472656
2025-09-14 17:26:25,MUON_lr0.001_m0.99,MUON,2,shakespeare_char,150,train_iter,2.5994746685028076,0.0009997687972903096,2.2484746048228765,18.50295066833496
2025-09-14 17:26:25,MUON_lr0.001_m0.99,MUON,2,shakespeare_char,160,train_iter,2.6228580474853516,0.0009996670806431804,2.4017082555834572,18.479347229003906
2025-09-14 17:26:26,MUON_lr0.001_m0.99,MUON,2,shakespeare_char,170,train_iter,2.604405164718628,0.0009995468799435915,2.5394089051861313,18.489599227905273
2025-09-14 17:26:26,MUON_lr0.001_m0.99,MUON,2,shakespeare_char,180,train_iter,2.5870089530944824,0.000999408200132523,2.6637150494173985,18.471240997314453
2025-09-14 17:26:26,MUON_lr0.001_m0.99,MUON,2,shakespeare_char,190,train_iter,2.5595321655273438,0.0009992510469105584,2.776006025838801,18.45097541809082
2025-09-14 17:26:27,MUON_lr0.001_m0.99,MUON,2,shakespeare_char,200,train_iter,2.545741081237793,0.0009990754267376514,2.5058692629017965,936.0721111297607
2025-09-14 17:26:34,MUON_lr0.01_m0.95,MUON,2,shakespeare_char,0,train_eval,4.270771503448486,9.900990099009901e-06,,
2025-09-14 17:26:34,MUON_lr0.01_m0.95,MUON,2,shakespeare_char,0,val_eval,4.269772529602051,9.900990099009901e-06,,
2025-09-14 17:26:47,MUON_lr0.01_m0.95,MUON,2,shakespeare_char,0,train_iter,4.265802383422852,9.900990099009901e-06,,15259.07826423645
2025-09-14 17:26:48,MUON_lr0.01_m0.95,MUON,2,shakespeare_char,10,train_iter,4.22597599029541,0.0001089108910891089,1.3642920352062307,51.21111869812012
2025-09-14 17:26:48,MUON_lr0.01_m0.95,MUON,2,shakespeare_char,20,train_iter,4.115102767944336,0.00020792079207920794,1.3662264656765624,50.495147705078125
2025-09-14 17:26:49,MUON_lr0.01_m0.95,MUON,2,shakespeare_char,30,train_iter,3.9528605937957764,0.00030693069306930693,1.3672874600480815,50.74453353881836
2025-09-14 17:26:49,MUON_lr0.01_m0.95,MUON,2,shakespeare_char,40,train_iter,3.7241148948669434,0.000405940594059406,1.3708076349086316,49.81637001037598
2025-09-14 17:26:50,MUON_lr0.01_m0.95,MUON,2,shakespeare_char,50,train_iter,3.5552127361297607,0.000504950495049505,1.3715173326902959,50.7051944732666
2025-09-14 17:26:51,MUON_lr0.01_m0.95,MUON,2,shakespeare_char,60,train_iter,3.2651546001434326,0.000603960396039604,1.368877895480187,51.94091796875
2025-09-14 17:26:51,MUON_lr0.01_m0.95,MUON,2,shakespeare_char,70,train_iter,3.1733760833740234,0.000702970297029703,1.3605933673674515,54.32748794555664
2025-09-14 17:26:52,MUON_lr0.01_m0.95,MUON,2,shakespeare_char,80,train_iter,3.03144907951355,0.000801980198019802,1.3522110890450956,54.72159385681152
2025-09-14 17:26:52,MUON_lr0.01_m0.95,MUON,2,shakespeare_char,90,train_iter,2.9268622398376465,0.0009009900990099009,1.3416488596953353,56.046485900878906
2025-09-14 17:27:08,MUON_lr0.01_m0.95,MUON,2,shakespeare_char,100,train_iter,2.790210485458374,0.001,1.2079452627888605,15146.01731300354
2025-09-14 17:27:08,MUON_lr0.01_m0.95,MUON,2,shakespeare_char,110,train_iter,2.7186665534973145,0.0009999907511312647,1.2209225032710385,52.228450775146484
2025-09-14 17:27:09,MUON_lr0.01_m0.95,MUON,2,shakespeare_char,120,train_iter,2.6992499828338623,0.0009999630049052437,1.2319058486089978,52.501678466796875
2025-09-14 17:27:09,MUON_lr0.01_m0.95,MUON,2,shakespeare_char,130,train_iter,2.68414568901062,0.0009999167624624755,1.2418761228056225,52.468061447143555
2025-09-14 17:27:10,MUON_lr0.01_m0.95,MUON,2,shakespeare_char,140,train_iter,2.6777091026306152,0.000999852025703806,1.251218893423894,52.3228645324707
2025-09-14 17:27:10,MUON_lr0.01_m0.95,MUON,2,shakespeare_char,150,train_iter,2.5798144340515137,0.0009997687972903096,1.263475986643092,50.8570671081543
2025-09-14 17:27:11,MUON_lr0.01_m0.95,MUON,2,shakespeare_char,160,train_iter,2.595785617828369,0.0009996670806431804,1.2742098284329668,50.96745491027832
2025-09-14 17:27:11,MUON_lr0.01_m0.95,MUON,2,shakespeare_char,170,train_iter,2.588576316833496,0.0009995468799435915,1.2803107106577072,52.326202392578125
2025-09-14 17:27:12,MUON_lr0.01_m0.95,MUON,2,shakespeare_char,180,train_iter,2.5770983695983887,0.000999408200132523,1.2894457770384578,50.935983657836914
2025-09-14 17:27:12,MUON_lr0.01_m0.95,MUON,2,shakespeare_char,190,train_iter,2.5444109439849854,0.0009992510469105584,1.2895200551990968,54.152488708496094
2025-09-14 17:27:14,MUON_lr0.01_m0.95,MUON,2,shakespeare_char,200,train_iter,2.5257794857025146,0.0009990754267376514,1.1669019284320448,1103.0669212341309
2025-09-14 17:27:21,MUON_lr0.01_m0.99,MUON,2,shakespeare_char,0,train_eval,4.270771503448486,9.900990099009901e-06,,
2025-09-14 17:27:21,MUON_lr0.01_m0.99,MUON,2,shakespeare_char,0,val_eval,4.269772529602051,9.900990099009901e-06,,
2025-09-14 17:27:31,MUON_lr0.01_m0.99,MUON,2,shakespeare_char,0,train_iter,4.265802383422852,9.900990099009901e-06,,12029.075860977173
2025-09-14 17:27:31,MUON_lr0.01_m0.99,MUON,2,shakespeare_char,10,train_iter,4.226056098937988,0.0001089108910891089,1.3645461465489621,51.201581954956055
2025-09-14 17:27:32,MUON_lr0.01_m0.99,MUON,2,shakespeare_char,20,train_iter,4.11456823348999,0.00020792079207920794,1.368291470512808,49.83377456665039
2025-09-14 17:27:32,MUON_lr0.01_m0.99,MUON,2,shakespeare_char,30,train_iter,3.952279567718506,0.00030693069306930693,1.3662511811914844,51.8343448638916
2025-09-14 17:27:33,MUON_lr0.01_m0.99,MUON,2,shakespeare_char,40,train_iter,3.72573184967041,0.000405940594059406,1.3646353730606902,51.74970626831055
2025-09-14 17:27:33,MUON_lr0.01_m0.99,MUON,2,shakespeare_char,50,train_iter,3.561572790145874,0.000504950495049505,1.367852527716833,50.019025802612305
2025-09-14 17:27:34,MUON_lr0.01_m0.99,MUON,2,shakespeare_char,60,train_iter,3.2848968505859375,0.000603960396039604,1.3637650392044938,52.651166915893555
2025-09-14 17:27:34,MUON_lr0.01_m0.99,MUON,2,shakespeare_char,70,train_iter,3.2054154872894287,0.000702970297029703,1.3676502105672177,49.81184005737305
2025-09-14 17:27:35,MUON_lr0.01_m0.99,MUON,2,shakespeare_char,80,train_iter,3.0847039222717285,0.000801980198019802,1.3687521452170763,50.67706108093262
2025-09-14 17:27:35,MUON_lr0.01_m0.99,MUON,2,shakespeare_char,90,train_iter,2.9888930320739746,0.0009009900990099009,1.3699855952453668,50.588369369506836
2025-09-14 17:27:51,MUON_lr0.01_m0.99,MUON,2,shakespeare_char,100,train_iter,2.8538413047790527,0.001,1.2334431856067902,15316.658735275269
2025-09-14 17:27:51,MUON_lr0.01_m0.99,MUON,2,shakespeare_char,110,train_iter,2.770364284515381,0.0009999907511312647,1.2477540505290372,50.75502395629883
2025-09-14 17:27:52,MUON_lr0.01_m0.99,MUON,2,shakespeare_char,120,train_iter,2.7464065551757812,0.0009999630049052437,1.263836312534767,49.601078033447266
2025-09-14 17:27:52,MUON_lr0.01_m0.99,MUON,2,shakespeare_char,130,train_iter,2.730992078781128,0.0009999167624624755,1.2754442841980518,50.63128471374512
2025-09-14 17:27:53,MUON_lr0.01_m0.99,MUON,2,shakespeare_char,140,train_iter,2.7069976329803467,0.000999852025703806,1.2846927023790582,51.074981689453125
2025-09-14 17:27:53,MUON_lr0.01_m0.99,MUON,2,shakespeare_char,150,train_iter,2.5993101596832275,0.0009997687972903096,1.2911643559140256,51.77593231201172
2025-09-14 17:27:54,MUON_lr0.01_m0.99,MUON,2,shakespeare_char,160,train_iter,2.622905969619751,0.0009996670806431804,1.302354590230131,49.79586601257324
2025-09-14 17:27:54,MUON_lr0.01_m0.99,MUON,2,shakespeare_char,170,train_iter,2.604203701019287,0.0009995468799435915,1.3168718073556442,48.26641082763672
2025-09-14 17:27:55,MUON_lr0.01_m0.99,MUON,2,shakespeare_char,180,train_iter,2.5871129035949707,0.000999408200132523,1.3209444956529086,51.46360397338867
2025-09-14 17:27:55,MUON_lr0.01_m0.99,MUON,2,shakespeare_char,190,train_iter,2.5597267150878906,0.0009992510469105584,1.3212265126085814,52.77895927429199
2025-09-14 17:27:57,MUON_lr0.01_m0.99,MUON,2,shakespeare_char,200,train_iter,2.545858383178711,0.0009990754267376514,1.1947846328206841,1229.884386062622
2025-09-14 17:28:04,MUON_lr0.02_m0.95,MUON,2,shakespeare_char,0,train_eval,4.270771503448486,9.900990099009901e-06,,
2025-09-14 17:28:04,MUON_lr0.02_m0.95,MUON,2,shakespeare_char,0,val_eval,4.269772529602051,9.900990099009901e-06,,
2025-09-14 17:28:14,MUON_lr0.02_m0.95,MUON,2,shakespeare_char,0,train_iter,4.265802383422852,9.900990099009901e-06,,12208.023071289062
2025-09-14 17:28:15,MUON_lr0.02_m0.95,MUON,2,shakespeare_char,10,train_iter,4.225978851318359,0.0001089108910891089,1.3122234110198117,53.243160247802734
2025-09-14 17:28:15,MUON_lr0.02_m0.95,MUON,2,shakespeare_char,20,train_iter,4.115087985992432,0.00020792079207920794,1.3240459187187845,48.842668533325195
2025-09-14 17:28:16,MUON_lr0.02_m0.95,MUON,2,shakespeare_char,30,train_iter,3.952871084213257,0.00030693069306930693,1.3284022533718798,51.0869026184082
2025-09-14 17:28:16,MUON_lr0.02_m0.95,MUON,2,shakespeare_char,40,train_iter,3.724184036254883,0.000405940594059406,1.3375313360250423,49.21269416809082
2025-09-14 17:28:17,MUON_lr0.02_m0.95,MUON,2,shakespeare_char,50,train_iter,3.5551717281341553,0.000504950495049505,1.340051335314462,51.2697696685791
2025-09-14 17:28:17,MUON_lr0.02_m0.95,MUON,2,shakespeare_char,60,train_iter,3.2649989128112793,0.000603960396039604,1.3413784826518425,51.62620544433594
2025-09-14 17:28:18,MUON_lr0.02_m0.95,MUON,2,shakespeare_char,70,train_iter,3.1733460426330566,0.000702970297029703,1.3390793144401607,52.9942512512207
2025-09-14 17:28:18,MUON_lr0.02_m0.95,MUON,2,shakespeare_char,80,train_iter,3.0314834117889404,0.000801980198019802,1.3372793023104217,52.886247634887695
2025-09-14 17:28:19,MUON_lr0.02_m0.95,MUON,2,shakespeare_char,90,train_iter,2.926907539367676,0.0009009900990099009,1.3378411422174175,52.026987075805664
2025-09-14 17:28:35,MUON_lr0.02_m0.95,MUON,2,shakespeare_char,100,train_iter,2.790201187133789,0.001,1.2044996269897918,15785.603284835815
2025-09-14 17:28:35,MUON_lr0.02_m0.95,MUON,2,shakespeare_char,110,train_iter,2.7187185287475586,0.0009999907511312647,1.4569254852631024,18.737316131591797
2025-09-14 17:28:35,MUON_lr0.02_m0.95,MUON,2,shakespeare_char,120,train_iter,2.699359655380249,0.0009999630049052437,1.683701170635468,18.75782012939453
2025-09-14 17:28:36,MUON_lr0.02_m0.95,MUON,2,shakespeare_char,130,train_iter,2.6840105056762695,0.0009999167624624755,1.886916090537447,18.802404403686523
2025-09-14 17:28:36,MUON_lr0.02_m0.95,MUON,2,shakespeare_char,140,train_iter,2.6777398586273193,0.000999852025703806,2.070962760655559,18.744230270385742
2025-09-14 17:28:36,MUON_lr0.02_m0.95,MUON,2,shakespeare_char,150,train_iter,2.5798373222351074,0.0009997687972903096,2.2386833983719283,18.64027976989746
2025-09-14 17:28:36,MUON_lr0.02_m0.95,MUON,2,shakespeare_char,160,train_iter,2.5956878662109375,0.0009996670806431804,2.3353294551726975,21.798372268676758
2025-09-14 17:28:36,MUON_lr0.02_m0.95,MUON,2,shakespeare_char,170,train_iter,2.5886523723602295,0.0009995468799435915,2.4774831685899708,18.597126007080078
2025-09-14 17:28:37,MUON_lr0.02_m0.95,MUON,2,shakespeare_char,180,train_iter,2.576890707015991,0.000999408200132523,2.5993654113956084,18.901824951171875
2025-09-14 17:28:37,MUON_lr0.02_m0.95,MUON,2,shakespeare_char,190,train_iter,2.54451322555542,0.0009992510469105584,2.712020234149401,18.75162124633789
2025-09-14 17:28:38,MUON_lr0.02_m0.95,MUON,2,shakespeare_char,200,train_iter,2.5258140563964844,0.0009990754267376514,2.449292974913349,824.4113922119141
2025-09-14 17:28:45,MUON_lr0.02_m0.99,MUON,2,shakespeare_char,0,train_eval,4.270771503448486,9.900990099009901e-06,,
2025-09-14 17:28:45,MUON_lr0.02_m0.99,MUON,2,shakespeare_char,0,val_eval,4.269772529602051,9.900990099009901e-06,,
2025-09-14 17:28:59,MUON_lr0.02_m0.99,MUON,2,shakespeare_char,0,train_iter,4.265802383422852,9.900990099009901e-06,,15790.022611618042
2025-09-14 17:28:59,MUON_lr0.02_m0.99,MUON,2,shakespeare_char,10,train_iter,4.226056098937988,0.0001089108910891089,1.3191998978203647,52.96158790588379
2025-09-14 17:29:00,MUON_lr0.02_m0.99,MUON,2,shakespeare_char,20,train_iter,4.114526271820068,0.00020792079207920794,1.3223383745446642,51.73087120056152
2025-09-14 17:29:00,MUON_lr0.02_m0.99,MUON,2,shakespeare_char,30,train_iter,3.952221632003784,0.00030693069306930693,1.3321068667982987,49.201250076293945
2025-09-14 17:29:01,MUON_lr0.02_m0.99,MUON,2,shakespeare_char,40,train_iter,3.725724697113037,0.000405940594059406,1.3339602490058162,51.72872543334961
2025-09-14 17:29:01,MUON_lr0.02_m0.99,MUON,2,shakespeare_char,50,train_iter,3.561460018157959,0.000504950495049505,1.3378884855462818,50.87733268737793
2025-09-14 17:29:02,MUON_lr0.02_m0.99,MUON,2,shakespeare_char,60,train_iter,3.2848212718963623,0.000603960396039604,1.3366287654591198,52.718162536621094
2025-09-14 17:29:02,MUON_lr0.02_m0.99,MUON,2,shakespeare_char,70,train_iter,3.2054271697998047,0.000702970297029703,1.3406922381048882,50.728797912597656
2025-09-14 17:29:03,MUON_lr0.02_m0.99,MUON,2,shakespeare_char,80,train_iter,3.0846030712127686,0.000801980198019802,1.3420434758125135,51.59258842468262
2025-09-14 17:29:03,MUON_lr0.02_m0.99,MUON,2,shakespeare_char,90,train_iter,2.988854169845581,0.0009009900990099009,1.351479261018609,48.64025115966797
2025-09-14 17:29:20,MUON_lr0.02_m0.99,MUON,2,shakespeare_char,100,train_iter,2.853895902633667,0.001,1.2167656386937862,16087.108850479126
2025-09-14 17:29:20,MUON_lr0.02_m0.99,MUON,2,shakespeare_char,110,train_iter,2.7701644897460938,0.0009999907511312647,1.2327927724011427,50.73714256286621
2025-09-14 17:29:20,MUON_lr0.02_m0.99,MUON,2,shakespeare_char,120,train_iter,2.7463908195495605,0.0009999630049052437,1.2471538078366924,50.760507583618164
2025-09-14 17:29:21,MUON_lr0.02_m0.99,MUON,2,shakespeare_char,130,train_iter,2.7310233116149902,0.0009999167624624755,1.2596668707002914,50.91285705566406
2025-09-14 17:29:21,MUON_lr0.02_m0.99,MUON,2,shakespeare_char,140,train_iter,2.7068889141082764,0.000999852025703806,1.2776394667422937,48.539161682128906
2025-09-14 17:29:22,MUON_lr0.02_m0.99,MUON,2,shakespeare_char,150,train_iter,2.5993223190307617,0.0009997687972903096,1.2864700653413867,51.14912986755371
2025-09-14 17:29:23,MUON_lr0.02_m0.99,MUON,2,shakespeare_char,160,train_iter,2.6227307319641113,0.0009996670806431804,1.2953083893109534,50.81772804260254
2025-09-14 17:29:23,MUON_lr0.02_m0.99,MUON,2,shakespeare_char,170,train_iter,2.6042113304138184,0.0009995468799435915,1.303653587333727,50.673723220825195
2025-09-14 17:29:24,MUON_lr0.02_m0.99,MUON,2,shakespeare_char,180,train_iter,2.5871570110321045,0.000999408200132523,1.3055876000234343,52.809715270996094
2025-09-14 17:29:24,MUON_lr0.02_m0.99,MUON,2,shakespeare_char,190,train_iter,2.559512138366699,0.0009992510469105584,1.3103111403599959,51.64527893066406
2025-09-14 17:29:42,MUON_lr0.02_m0.99,MUON,2,shakespeare_char,200,train_iter,2.5459394454956055,0.0009990754267376514,1.1796795870732166,17485.932111740112
2025-09-14 17:29:49,MWAA_lr0.0003_m0.95,MUON_WITH_AUX_ADAM,2,shakespeare_char,0,train_eval,4.270771503448486,9.900990099009901e-06,,
2025-09-14 17:29:49,MWAA_lr0.0003_m0.95,MUON_WITH_AUX_ADAM,2,shakespeare_char,0,val_eval,4.269772529602051,9.900990099009901e-06,,
2025-09-14 17:30:06,MWAA_lr0.0003_m0.95,MUON_WITH_AUX_ADAM,2,shakespeare_char,0,train_iter,4.265802383422852,9.900990099009901e-06,,19052.615642547607
2025-09-14 17:30:07,MWAA_lr0.0003_m0.95,MUON_WITH_AUX_ADAM,2,shakespeare_char,10,train_iter,4.226806640625,0.0001089108910891089,1.296301032474077,53.89714241027832
2025-09-14 17:30:07,MWAA_lr0.0003_m0.95,MUON_WITH_AUX_ADAM,2,shakespeare_char,20,train_iter,4.117605209350586,0.00020792079207920794,1.2974312837457707,53.43127250671387
2025-09-14 17:30:08,MWAA_lr0.0003_m0.95,MUON_WITH_AUX_ADAM,2,shakespeare_char,30,train_iter,3.9580419063568115,0.00030693069306930693,1.2968406376438206,54.09646034240723
2025-09-14 17:30:08,MWAA_lr0.0003_m0.95,MUON_WITH_AUX_ADAM,2,shakespeare_char,40,train_iter,3.7307660579681396,0.000405940594059406,1.2960460477104212,54.20684814453125
2025-09-14 17:30:09,MWAA_lr0.0003_m0.95,MUON_WITH_AUX_ADAM,2,shakespeare_char,50,train_iter,3.5608367919921875,0.000504950495049505,1.3209935228632865,45.20606994628906
2025-09-14 17:30:09,MWAA_lr0.0003_m0.95,MUON_WITH_AUX_ADAM,2,shakespeare_char,60,train_iter,3.2694664001464844,0.000603960396039604,1.3171653071205909,54.46815490722656
2025-09-14 17:30:10,MWAA_lr0.0003_m0.95,MUON_WITH_AUX_ADAM,2,shakespeare_char,70,train_iter,3.173673152923584,0.000702970297029703,1.3097528429298968,56.206464767456055
2025-09-14 17:30:10,MWAA_lr0.0003_m0.95,MUON_WITH_AUX_ADAM,2,shakespeare_char,80,train_iter,3.0306396484375,0.000801980198019802,1.3086006210810859,53.817033767700195
2025-09-14 17:30:11,MWAA_lr0.0003_m0.95,MUON_WITH_AUX_ADAM,2,shakespeare_char,90,train_iter,2.9256083965301514,0.0009009900990099009,1.3069710703956807,54.06379699707031
2025-09-14 17:30:26,MWAA_lr0.0003_m0.95,MUON_WITH_AUX_ADAM,2,shakespeare_char,100,train_iter,2.789344310760498,0.001,1.1767382411190663,15048.51770401001
2025-09-14 17:30:27,MWAA_lr0.0003_m0.95,MUON_WITH_AUX_ADAM,2,shakespeare_char,110,train_iter,2.7184970378875732,0.0009999907511312647,1.2078950785724056,46.94390296936035
2025-09-14 17:30:27,MWAA_lr0.0003_m0.95,MUON_WITH_AUX_ADAM,2,shakespeare_char,120,train_iter,2.698986530303955,0.0009999630049052437,1.223968693958915,51.04875564575195
2025-09-14 17:30:28,MWAA_lr0.0003_m0.95,MUON_WITH_AUX_ADAM,2,shakespeare_char,130,train_iter,2.685148239135742,0.0009999167624624755,1.241269163411344,50.013065338134766
2025-09-14 17:30:28,MWAA_lr0.0003_m0.95,MUON_WITH_AUX_ADAM,2,shakespeare_char,140,train_iter,2.6787402629852295,0.000999852025703806,1.2496527978360452,52.72555351257324
2025-09-14 17:30:29,MWAA_lr0.0003_m0.95,MUON_WITH_AUX_ADAM,2,shakespeare_char,150,train_iter,2.580479383468628,0.0009997687972903096,1.260732897462064,51.355600357055664
2025-09-14 17:30:29,MWAA_lr0.0003_m0.95,MUON_WITH_AUX_ADAM,2,shakespeare_char,160,train_iter,2.5967700481414795,0.0009996670806431804,1.269532214517464,51.80215835571289
2025-09-14 17:30:30,MWAA_lr0.0003_m0.95,MUON_WITH_AUX_ADAM,2,shakespeare_char,170,train_iter,2.591176748275757,0.0009995468799435915,1.278984699711898,51.219940185546875
2025-09-14 17:30:30,MWAA_lr0.0003_m0.95,MUON_WITH_AUX_ADAM,2,shakespeare_char,180,train_iter,2.5801801681518555,0.000999408200132523,1.2840519304086706,52.54507064819336
2025-09-14 17:30:31,MWAA_lr0.0003_m0.95,MUON_WITH_AUX_ADAM,2,shakespeare_char,190,train_iter,2.5481221675872803,0.0009992510469105584,1.2932495640100479,50.774335861206055
2025-09-14 17:30:48,MWAA_lr0.0003_m0.95,MUON_WITH_AUX_ADAM,2,shakespeare_char,200,train_iter,2.5298895835876465,0.0009990754267376514,1.1643405429997664,16797.541856765747
2025-09-14 17:30:55,MWAA_lr0.001_m0.95,MUON_WITH_AUX_ADAM,2,shakespeare_char,0,train_eval,4.270771503448486,9.900990099009901e-06,,
2025-09-14 17:30:55,MWAA_lr0.001_m0.95,MUON_WITH_AUX_ADAM,2,shakespeare_char,0,val_eval,4.269772529602051,9.900990099009901e-06,,
2025-09-14 17:31:11,MWAA_lr0.001_m0.95,MUON_WITH_AUX_ADAM,2,shakespeare_char,0,train_iter,4.265802383422852,9.900990099009901e-06,,17665.892601013184
2025-09-14 17:31:12,MWAA_lr0.001_m0.95,MUON_WITH_AUX_ADAM,2,shakespeare_char,10,train_iter,4.226700305938721,0.0001089108910891089,1.3666716772243501,51.12195014953613
2025-09-14 17:31:12,MWAA_lr0.001_m0.95,MUON_WITH_AUX_ADAM,2,shakespeare_char,20,train_iter,4.117690086364746,0.00020792079207920794,1.3662294976256442,51.28788948059082
2025-09-14 17:31:13,MWAA_lr0.001_m0.95,MUON_WITH_AUX_ADAM,2,shakespeare_char,30,train_iter,3.95796275138855,0.00030693069306930693,1.365865740612238,51.275014877319336
2025-09-14 17:31:13,MWAA_lr0.001_m0.95,MUON_WITH_AUX_ADAM,2,shakespeare_char,40,train_iter,3.730621099472046,0.000405940594059406,1.3658329751438423,51.16438865661621
2025-09-14 17:31:14,MWAA_lr0.001_m0.95,MUON_WITH_AUX_ADAM,2,shakespeare_char,50,train_iter,3.560868978500366,0.000504950495049505,1.3648813634277728,51.51224136352539
2025-09-14 17:31:14,MWAA_lr0.001_m0.95,MUON_WITH_AUX_ADAM,2,shakespeare_char,60,train_iter,3.269576072692871,0.000603960396039604,1.3652454846759665,51.05280876159668
2025-09-14 17:31:15,MWAA_lr0.001_m0.95,MUON_WITH_AUX_ADAM,2,shakespeare_char,70,train_iter,3.17356538772583,0.000702970297029703,1.3637738007984421,51.73301696777344
2025-09-14 17:31:15,MWAA_lr0.001_m0.95,MUON_WITH_AUX_ADAM,2,shakespeare_char,80,train_iter,3.0305933952331543,0.000801980198019802,1.3643497315111381,51.01513862609863
2025-09-14 17:31:16,MWAA_lr0.001_m0.95,MUON_WITH_AUX_ADAM,2,shakespeare_char,90,train_iter,2.9255924224853516,0.0009009900990099009,1.3617079015351228,52.22010612487793
2025-09-14 17:31:32,MWAA_lr0.001_m0.95,MUON_WITH_AUX_ADAM,2,shakespeare_char,100,train_iter,2.789154529571533,0.001,1.2259783445177324,15834.468364715576
2025-09-14 17:31:32,MWAA_lr0.001_m0.95,MUON_WITH_AUX_ADAM,2,shakespeare_char,110,train_iter,2.7183685302734375,0.0009999907511312647,1.2496636224438442,47.76144027709961
2025-09-14 17:31:33,MWAA_lr0.001_m0.95,MUON_WITH_AUX_ADAM,2,shakespeare_char,120,train_iter,2.698906660079956,0.0009999630049052437,1.2641380126415134,50.10509490966797
2025-09-14 17:31:33,MWAA_lr0.001_m0.95,MUON_WITH_AUX_ADAM,2,shakespeare_char,130,train_iter,2.684886932373047,0.0009999167624624755,1.2745911699693449,51.047325134277344
2025-09-14 17:31:34,MWAA_lr0.001_m0.95,MUON_WITH_AUX_ADAM,2,shakespeare_char,140,train_iter,2.678755521774292,0.000999852025703806,1.287462239015261,49.78752136230469
2025-09-14 17:31:34,MWAA_lr0.001_m0.95,MUON_WITH_AUX_ADAM,2,shakespeare_char,150,train_iter,2.5803916454315186,0.0009997687972903096,1.2955510190370638,51.05924606323242
2025-09-14 17:31:35,MWAA_lr0.001_m0.95,MUON_WITH_AUX_ADAM,2,shakespeare_char,160,train_iter,2.5966084003448486,0.0009996670806431804,1.3023584614340191,51.23615264892578
2025-09-14 17:31:35,MWAA_lr0.001_m0.95,MUON_WITH_AUX_ADAM,2,shakespeare_char,170,train_iter,2.5911242961883545,0.0009995468799435915,1.3080802601371062,51.38874053955078
2025-09-14 17:31:36,MWAA_lr0.001_m0.95,MUON_WITH_AUX_ADAM,2,shakespeare_char,180,train_iter,2.5801053047180176,0.000999408200132523,1.313299299853388,51.36251449584961
2025-09-14 17:31:36,MWAA_lr0.001_m0.95,MUON_WITH_AUX_ADAM,2,shakespeare_char,190,train_iter,2.5480616092681885,0.0009992510469105584,1.3172079675172386,51.66196823120117
2025-09-14 17:31:38,MWAA_lr0.001_m0.95,MUON_WITH_AUX_ADAM,2,shakespeare_char,200,train_iter,2.5299651622772217,0.0009990754267376514,1.1908226970059261,1309.4663619995117
2025-09-14 17:31:45,MWAA_lr0.01_m0.95,MUON_WITH_AUX_ADAM,2,shakespeare_char,0,train_eval,4.270771503448486,9.900990099009901e-06,,
2025-09-14 17:31:45,MWAA_lr0.01_m0.95,MUON_WITH_AUX_ADAM,2,shakespeare_char,0,val_eval,4.269772529602051,9.900990099009901e-06,,
2025-09-14 17:31:50,MWAA_lr0.01_m0.95,MUON_WITH_AUX_ADAM,2,shakespeare_char,0,train_iter,4.265802383422852,9.900990099009901e-06,,6464.480400085449
2025-09-14 17:31:50,MWAA_lr0.01_m0.95,MUON_WITH_AUX_ADAM,2,shakespeare_char,10,train_iter,4.226743221282959,0.0001089108910891089,1.3376993481483683,52.22916603088379
2025-09-14 17:31:51,MWAA_lr0.01_m0.95,MUON_WITH_AUX_ADAM,2,shakespeare_char,20,train_iter,4.117730617523193,0.00020792079207920794,1.3400917375576238,51.311492919921875
2025-09-14 17:31:51,MWAA_lr0.01_m0.95,MUON_WITH_AUX_ADAM,2,shakespeare_char,30,train_iter,3.958116292953491,0.00030693069306930693,1.3411503678681052,51.727294921875
2025-09-14 17:31:52,MWAA_lr0.01_m0.95,MUON_WITH_AUX_ADAM,2,shakespeare_char,40,train_iter,3.730665922164917,0.000405940594059406,1.3434848627520768,51.20348930358887
2025-09-14 17:31:52,MWAA_lr0.01_m0.95,MUON_WITH_AUX_ADAM,2,shakespeare_char,50,train_iter,3.56076979637146,0.000504950495049505,1.3467030290769295,50.78768730163574
2025-09-14 17:31:53,MWAA_lr0.01_m0.95,MUON_WITH_AUX_ADAM,2,shakespeare_char,60,train_iter,3.2694928646087646,0.000603960396039604,1.3484695520363315,51.2082576751709
2025-09-14 17:31:53,MWAA_lr0.01_m0.95,MUON_WITH_AUX_ADAM,2,shakespeare_char,70,train_iter,3.1735246181488037,0.000702970297029703,1.349109425891098,51.56731605529785
2025-09-14 17:31:54,MWAA_lr0.01_m0.95,MUON_WITH_AUX_ADAM,2,shakespeare_char,80,train_iter,3.0305962562561035,0.000801980198019802,1.3454813754472843,53.21860313415527
2025-09-14 17:31:54,MWAA_lr0.01_m0.95,MUON_WITH_AUX_ADAM,2,shakespeare_char,90,train_iter,2.92566180229187,0.0009009900990099009,1.3490796646330792,50.574541091918945
2025-09-14 17:31:55,MWAA_lr0.01_m0.95,MUON_WITH_AUX_ADAM,2,shakespeare_char,100,train_iter,2.789412498474121,0.001,1.2228099704541087,808.8066577911377
2025-09-14 17:31:56,MWAA_lr0.01_m0.95,MUON_WITH_AUX_ADAM,2,shakespeare_char,110,train_iter,2.7182397842407227,0.0009999907511312647,1.4818472657992279,18.322467803955078
2025-09-14 17:31:56,MWAA_lr0.01_m0.95,MUON_WITH_AUX_ADAM,2,shakespeare_char,120,train_iter,2.6990089416503906,0.0009999630049052437,1.7147081249447096,18.335580825805664
2025-09-14 17:31:56,MWAA_lr0.01_m0.95,MUON_WITH_AUX_ADAM,2,shakespeare_char,130,train_iter,2.685089588165283,0.0009999167624624755,1.9250673614451472,18.297910690307617
2025-09-14 17:31:56,MWAA_lr0.01_m0.95,MUON_WITH_AUX_ADAM,2,shakespeare_char,140,train_iter,2.678719997406006,0.000999852025703806,2.1144205277023764,18.296480178833008
2025-09-14 17:31:56,MWAA_lr0.01_m0.95,MUON_WITH_AUX_ADAM,2,shakespeare_char,150,train_iter,2.580578565597534,0.0009997687972903096,2.2840785707811286,18.332958221435547
2025-09-14 17:31:57,MWAA_lr0.01_m0.95,MUON_WITH_AUX_ADAM,2,shakespeare_char,160,train_iter,2.5965993404388428,0.0009996670806431804,2.437490812599578,18.29838752746582
2025-09-14 17:31:57,MWAA_lr0.01_m0.95,MUON_WITH_AUX_ADAM,2,shakespeare_char,170,train_iter,2.5911026000976562,0.0009995468799435915,2.5748170479264707,18.334150314331055
2025-09-14 17:31:57,MWAA_lr0.01_m0.95,MUON_WITH_AUX_ADAM,2,shakespeare_char,180,train_iter,2.580118179321289,0.000999408200132523,2.699349562534322,18.28908920288086
2025-09-14 17:31:57,MWAA_lr0.01_m0.95,MUON_WITH_AUX_ADAM,2,shakespeare_char,190,train_iter,2.5483460426330566,0.0009992510469105584,2.8099208878688122,18.361568450927734
2025-09-14 17:31:58,MWAA_lr0.01_m0.95,MUON_WITH_AUX_ADAM,2,shakespeare_char,200,train_iter,2.530162811279297,0.0009990754267376514,2.535013320958739,1148.27299118042
2025-09-14 17:32:05,MWAA_lr0.02_m0.95,MUON_WITH_AUX_ADAM,2,shakespeare_char,0,train_eval,4.270771503448486,9.900990099009901e-06,,
2025-09-14 17:32:05,MWAA_lr0.02_m0.95,MUON_WITH_AUX_ADAM,2,shakespeare_char,0,val_eval,4.269772529602051,9.900990099009901e-06,,
2025-09-14 17:32:16,MWAA_lr0.02_m0.95,MUON_WITH_AUX_ADAM,2,shakespeare_char,0,train_iter,4.265802383422852,9.900990099009901e-06,,12841.60304069519
2025-09-14 17:32:17,MWAA_lr0.02_m0.95,MUON_WITH_AUX_ADAM,2,shakespeare_char,10,train_iter,4.22681999206543,0.0001089108910891089,1.3332564785464744,52.40321159362793
2025-09-14 17:32:17,MWAA_lr0.02_m0.95,MUON_WITH_AUX_ADAM,2,shakespeare_char,20,train_iter,4.117549896240234,0.00020792079207920794,1.3419682628108893,49.189090728759766
2025-09-14 17:32:18,MWAA_lr0.02_m0.95,MUON_WITH_AUX_ADAM,2,shakespeare_char,30,train_iter,3.958005428314209,0.00030693069306930693,1.3432695420095562,51.56302452087402
2025-09-14 17:32:18,MWAA_lr0.02_m0.95,MUON_WITH_AUX_ADAM,2,shakespeare_char,40,train_iter,3.730773687362671,0.000405940594059406,1.3438207815821592,51.80001258850098
2025-09-14 17:32:19,MWAA_lr0.02_m0.95,MUON_WITH_AUX_ADAM,2,shakespeare_char,50,train_iter,3.5609729290008545,0.000504950495049505,1.3437654074499992,52.01268196105957
2025-09-14 17:32:19,MWAA_lr0.02_m0.95,MUON_WITH_AUX_ADAM,2,shakespeare_char,60,train_iter,3.2697227001190186,0.000603960396039604,1.3451003243938546,51.48196220397949
2025-09-14 17:32:20,MWAA_lr0.02_m0.95,MUON_WITH_AUX_ADAM,2,shakespeare_char,70,train_iter,3.1735544204711914,0.000702970297029703,1.3458875825756011,51.639556884765625
2025-09-14 17:32:20,MWAA_lr0.02_m0.95,MUON_WITH_AUX_ADAM,2,shakespeare_char,80,train_iter,3.030597686767578,0.000801980198019802,1.3821754192438824,40.88735580444336
2025-09-14 17:32:21,MWAA_lr0.02_m0.95,MUON_WITH_AUX_ADAM,2,shakespeare_char,90,train_iter,2.9257781505584717,0.0009009900990099009,1.380525049957007,51.15938186645508
2025-09-14 17:32:37,MWAA_lr0.02_m0.95,MUON_WITH_AUX_ADAM,2,shakespeare_char,100,train_iter,2.7893311977386475,0.001,1.2429228388980702,15515.84768295288
2025-09-14 17:32:37,MWAA_lr0.02_m0.95,MUON_WITH_AUX_ADAM,2,shakespeare_char,110,train_iter,2.71836519241333,0.0009999907511312647,1.2551112259016945,51.19180679321289
2025-09-14 17:32:38,MWAA_lr0.02_m0.95,MUON_WITH_AUX_ADAM,2,shakespeare_char,120,train_iter,2.6989622116088867,0.0009999630049052437,1.2659543990973188,51.2392520904541
2025-09-14 17:32:38,MWAA_lr0.02_m0.95,MUON_WITH_AUX_ADAM,2,shakespeare_char,130,train_iter,2.685032844543457,0.0009999167624624755,1.275709448303078,51.24068260192871
2025-09-14 17:32:39,MWAA_lr0.02_m0.95,MUON_WITH_AUX_ADAM,2,shakespeare_char,140,train_iter,2.6787161827087402,0.000999852025703806,1.2855825643248555,50.83298683166504
2025-09-14 17:32:39,MWAA_lr0.02_m0.95,MUON_WITH_AUX_ADAM,2,shakespeare_char,150,train_iter,2.5806455612182617,0.0009997687972903096,1.293410334198492,51.22733116149902
2025-09-14 17:32:40,MWAA_lr0.02_m0.95,MUON_WITH_AUX_ADAM,2,shakespeare_char,160,train_iter,2.5967540740966797,0.0009996670806431804,1.2974180030735059,52.39415168762207
2025-09-14 17:32:40,MWAA_lr0.02_m0.95,MUON_WITH_AUX_ADAM,2,shakespeare_char,170,train_iter,2.591107130050659,0.0009995468799435915,1.332332138049666,42.43206977844238
2025-09-14 17:32:41,MWAA_lr0.02_m0.95,MUON_WITH_AUX_ADAM,2,shakespeare_char,180,train_iter,2.5802605152130127,0.000999408200132523,1.3331840799079904,52.106380462646484
2025-09-14 17:32:41,MWAA_lr0.02_m0.95,MUON_WITH_AUX_ADAM,2,shakespeare_char,190,train_iter,2.548126220703125,0.0009992510469105584,1.3347674602317758,51.79095268249512
2025-09-14 17:32:43,MWAA_lr0.02_m0.95,MUON_WITH_AUX_ADAM,2,shakespeare_char,200,train_iter,2.530122756958008,0.0009990754267376514,1.2070226165838607,1218.9133167266846
